# generated by tools/art/gen_meshes.py
v 577.223511 -11271.610352 3283.011719
v 577.223511 -10167.557617 3283.011719
v 577.223511 -11271.610352 2297.160889
v 577.223511 -10167.557617 2297.160889
v 1563.074097 -11271.610352 3283.011719
v 1563.074097 -10167.557617 3283.011719
v 1563.074097 -11271.610352 2297.160889
v 1563.074097 -10167.557617 2297.160889
v 577.223511 -10071.552734 3283.011719
v 577.223511 -8967.500000 3283.011719
v 1070.148804 -10183.816406 3233.718994
v 1070.148804 -10183.816406 3332.304199
v 1218.026367 -10223.440430 3233.718994
v 1218.026367 -10223.440430 3332.304199
v 1326.280273 -10331.694336 3233.719238
v 1326.280273 -10331.694336 3332.304199
v 1365.903931 -10479.572266 3233.719238
v 1365.903931 -10479.572266 3332.304199
v 1326.280273 -10627.449219 3233.719238
v 1326.280273 -10627.449219 3332.304199
v 1218.026367 -10735.703125 3233.719238
v 1218.026367 -10735.703125 3332.304199
v 1070.148804 -10775.327148 3233.719238
v 1070.148804 -10775.327148 3332.304199
v 922.271179 -10735.703125 3233.719238
v 922.271179 -10735.703125 3332.304199
v 814.017273 -10627.449219 3233.719238
v 814.017273 -10627.449219 3332.304199
v 774.393616 -10479.572266 3233.719238
v 774.393616 -10479.572266 3332.304199
v 814.017273 -10331.694336 3233.719238
v 814.017273 -10331.694336 3332.304199
v 922.271179 -10223.440430 3233.718994
v 922.271179 -10223.440430 3332.304199
v 1070.148804 -10624.406250 3233.719238
v 1070.148804 -10624.406250 3332.304199
v 1237.743408 -10669.312500 3233.719238
v 1237.743408 -10669.312500 3332.304199
v 1360.431152 -10792.000000 3233.719238
v 1360.431152 -10792.000000 3332.304199
v 1405.338013 -10959.594727 3233.719238
v 1405.338013 -10959.594727 3332.304199
v 1360.431152 -11127.189453 3233.719238
v 1360.431152 -11127.189453 3332.304199
v 1237.743408 -11249.876953 3233.719238
v 1237.743408 -11249.876953 3332.304199
v 1070.148804 -11294.784180 3233.719238
v 1070.148804 -11294.784180 3332.304199
v 902.554199 -11249.876953 3233.719238
v 902.554199 -11249.876953 3332.304199
v 779.866394 -11127.189453 3233.719238
v 779.866394 -11127.189453 3332.304199
v 734.959595 -10959.594727 3233.719238
v 734.959595 -10959.594727 3332.304199
v 779.866394 -10792.000000 3233.719238
v 779.866394 -10792.000000 3332.304199
v 902.554199 -10669.312500 3233.719238
v 902.554199 -10669.312500 3332.304199
v 577.223511 -10071.552734 2297.160889
v 577.223511 -8967.500000 2297.160889
v 1563.074097 -10071.552734 3283.011719
v 1563.074097 -8967.500000 3283.011719
v 1563.074097 -10071.552734 2297.160889
v 1563.074097 -8967.500000 2297.160889
v 577.223511 -7767.442383 3283.011475
v 577.223511 -8871.495117 3283.011719
v 1070.148804 -8983.759766 3233.718994
v 1070.148804 -8983.759766 3332.304199
v 1218.026367 -9023.382812 3233.718994
v 1218.026367 -9023.382812 3332.304199
v 1326.280273 -9131.636719 3233.718994
v 1326.280273 -9131.636719 3332.304199
v 1365.903931 -9279.514648 3233.718994
v 1365.903931 -9279.514648 3332.304199
v 1326.280273 -9427.392578 3233.718994
v 1326.280273 -9427.392578 3332.304199
v 1218.026367 -9535.646484 3233.719238
v 1218.026367 -9535.646484 3332.304199
v 1070.148804 -9575.269531 3233.719238
v 1070.148804 -9575.269531 3332.304199
v 922.271179 -9535.646484 3233.719238
v 922.271179 -9535.646484 3332.304199
v 814.017273 -9427.392578 3233.718994
v 814.017273 -9427.392578 3332.304199
v 774.393616 -9279.514648 3233.718994
v 774.393616 -9279.514648 3332.304199
v 814.017273 -9131.636719 3233.718994
v 814.017273 -9131.636719 3332.304199
v 922.271179 -9023.382812 3233.718994
v 922.271179 -9023.382812 3332.304199
v 1070.148804 -9424.348633 3233.718994
v 1070.148804 -9424.348633 3332.304199
v 1237.743408 -9469.254883 3233.718994
v 1237.743408 -9469.254883 3332.304199
v 1360.431152 -9591.942383 3233.718994
v 1360.431152 -9591.942383 3332.304199
v 1405.338013 -9759.537109 3233.718994
v 1405.338013 -9759.537109 3332.304199
v 1360.431152 -9927.131836 3233.719238
v 1360.431152 -9927.131836 3332.304199
v 1237.743408 -10049.819336 3233.719238
v 1237.743408 -10049.819336 3332.304199
v 1070.148804 -10094.726562 3233.719238
v 1070.148804 -10094.726562 3332.304199
v 902.554199 -10049.819336 3233.719238
v 902.554199 -10049.819336 3332.304199
v 779.866394 -9927.131836 3233.719238
v 779.866394 -9927.131836 3332.304199
v 734.959595 -9759.537109 3233.718994
v 734.959595 -9759.537109 3332.304199
v 779.866394 -9591.942383 3233.718994
v 779.866394 -9591.942383 3332.304199
v 902.554199 -9469.254883 3233.718994
v 902.554199 -9469.254883 3332.304199
v 577.223511 -8871.495117 2297.160889
v 577.223511 -7767.442383 2297.160645
v 1563.074097 -8871.495117 3283.011719
v 1563.074097 -7767.442383 3283.011475
v 1563.074097 -8871.495117 2297.160889
v 1563.074097 -7767.442383 2297.160645
v 577.223511 -7671.437500 3283.011475
v 577.223511 -6567.384766 3283.011475
v 1070.148804 -7783.702148 3233.718994
v 1070.148804 -7783.702148 3332.304199
v 1218.026367 -7823.325684 3233.718994
v 1218.026367 -7823.325684 3332.304199
v 1326.280273 -7931.579590 3233.718994
v 1326.280273 -7931.579590 3332.304199
v 1365.903931 -8079.457031 3233.718994
v 1365.903931 -8079.457031 3332.304199
v 1326.280273 -8227.334961 3233.718994
v 1326.280273 -8227.334961 3332.304199
v 1218.026367 -8335.588867 3233.718994
v 1218.026367 -8335.588867 3332.304199
v 1070.148804 -8375.211914 3233.718994
v 1070.148804 -8375.211914 3332.304199
v 922.271179 -8335.588867 3233.718994
v 922.271179 -8335.588867 3332.304199
v 814.017273 -8227.334961 3233.718994
v 814.017273 -8227.334961 3332.304199
v 774.393616 -8079.457031 3233.718994
v 774.393616 -8079.457031 3332.304199
v 814.017273 -7931.579590 3233.718994
v 814.017273 -7931.579590 3332.304199
v 922.271179 -7823.325684 3233.718994
v 922.271179 -7823.325684 3332.304199
v 1070.148804 -8224.291016 3233.718994
v 1070.148804 -8224.291016 3332.304199
v 1237.743408 -8269.197266 3233.718994
v 1237.743408 -8269.197266 3332.304199
v 1360.431152 -8391.885742 3233.718994
v 1360.431152 -8391.885742 3332.304199
v 1405.338013 -8559.480469 3233.718994
v 1405.338013 -8559.480469 3332.304199
v 1360.431152 -8727.074219 3233.718994
v 1360.431152 -8727.074219 3332.304199
v 1237.743408 -8849.762695 3233.718994
v 1237.743408 -8849.762695 3332.304199
v 1070.148804 -8894.668945 3233.718994
v 1070.148804 -8894.668945 3332.304199
v 902.554199 -8849.762695 3233.718994
v 902.554199 -8849.762695 3332.304199
v 779.866394 -8727.074219 3233.718994
v 779.866394 -8727.074219 3332.304199
v 734.959595 -8559.480469 3233.718994
v 734.959595 -8559.480469 3332.304199
v 779.866394 -8391.885742 3233.718994
v 779.866394 -8391.885742 3332.304199
v 902.554199 -8269.197266 3233.718994
v 902.554199 -8269.197266 3332.304199
v 577.223511 -7671.437500 2297.160645
v 577.223511 -6567.384766 2297.160645
v 1563.074097 -7671.437500 3283.011475
v 1563.074097 -6567.384766 3283.011475
v 1563.074097 -7671.437500 2297.160645
v 1563.074097 -6567.384766 2297.160645
v 577.223511 -5367.327148 3283.011475
v 577.223511 -6471.380371 3283.011475
v 1070.148804 -6583.644531 3233.718994
v 1070.148804 -6583.644531 3332.303955
v 1218.026367 -6623.268066 3233.718994
v 1218.026367 -6623.268066 3332.303955
v 1326.280273 -6731.521973 3233.718994
v 1326.280273 -6731.521973 3332.303955
v 1365.903931 -6879.399902 3233.718994
v 1365.903931 -6879.399902 3332.303955
v 1326.280273 -7027.277344 3233.718994
v 1326.280273 -7027.277344 3332.303955
v 1218.026367 -7135.531250 3233.718994
v 1218.026367 -7135.531250 3332.303955
v 1070.148804 -7175.154785 3233.718994
v 1070.148804 -7175.154785 3332.303955
v 922.271179 -7135.531250 3233.718994
v 922.271179 -7135.531250 3332.303955
v 814.017273 -7027.277344 3233.718994
v 814.017273 -7027.277344 3332.303955
v 774.393616 -6879.399902 3233.718994
v 774.393616 -6879.399902 3332.303955
v 814.017273 -6731.521973 3233.718994
v 814.017273 -6731.521973 3332.303955
v 922.271179 -6623.268066 3233.718994
v 922.271179 -6623.268066 3332.303955
v 1070.148804 -7024.233398 3233.718994
v 1070.148804 -7024.233398 3332.303955
v 1237.743408 -7069.140137 3233.718994
v 1237.743408 -7069.140137 3332.303955
v 1360.431152 -7191.828125 3233.718994
v 1360.431152 -7191.828125 3332.303955
v 1405.338013 -7359.422852 3233.718994
v 1405.338013 -7359.422852 3332.303955
v 1360.431152 -7527.017578 3233.718994
v 1360.431152 -7527.017578 3332.304199
v 1237.743408 -7649.705078 3233.718994
v 1237.743408 -7649.705078 3332.304199
v 1070.148804 -7694.611816 3233.718994
v 1070.148804 -7694.611816 3332.304199
v 902.554199 -7649.705078 3233.718994
v 902.554199 -7649.705078 3332.304199
v 779.866394 -7527.017578 3233.718994
v 779.866394 -7527.017578 3332.304199
v 734.959595 -7359.422852 3233.718994
v 734.959595 -7359.422852 3332.303955
v 779.866394 -7191.828125 3233.718994
v 779.866394 -7191.828125 3332.303955
v 902.554199 -7069.140137 3233.718994
v 902.554199 -7069.140137 3332.303955
v 577.223511 -6471.380371 2297.160645
v 577.223511 -5367.327148 2297.160645
v 1563.074097 -6471.380371 3283.011475
v 1563.074097 -5367.327148 3283.011475
v 1563.074097 -6471.380371 2297.160645
v 1563.074097 -5367.327148 2297.160645
v 577.223511 -5271.322754 3283.011475
v 577.223511 -4167.270020 3283.011475
v 1070.148804 -5383.586914 3233.718994
v 1070.148804 -5383.586914 3332.303955
v 1218.026367 -5423.210938 3233.718994
v 1218.026367 -5423.210938 3332.303955
v 1326.280273 -5531.464844 3233.718994
v 1326.280273 -5531.464844 3332.303955
v 1365.903931 -5679.342285 3233.718994
v 1365.903931 -5679.342285 3332.303955
v 1326.280273 -5827.219727 3233.718994
v 1326.280273 -5827.219727 3332.303955
v 1218.026367 -5935.473633 3233.718994
v 1218.026367 -5935.473633 3332.303955
v 1070.148804 -5975.097656 3233.718994
v 1070.148804 -5975.097656 3332.303955
v 922.271179 -5935.473633 3233.718994
v 922.271179 -5935.473633 3332.303955
v 814.017273 -5827.219727 3233.718994
v 814.017273 -5827.219727 3332.303955
v 774.393616 -5679.342285 3233.718994
v 774.393616 -5679.342285 3332.303955
v 814.017273 -5531.464844 3233.718994
v 814.017273 -5531.464844 3332.303955
v 922.271179 -5423.210938 3233.718994
v 922.271179 -5423.210938 3332.303955
v 1070.148804 -5824.175781 3233.718994
v 1070.148804 -5824.175781 3332.303955
v 1237.743408 -5869.083008 3233.718994
v 1237.743408 -5869.083008 3332.303955
v 1360.431152 -5991.770508 3233.718994
v 1360.431152 -5991.770508 3332.303955
v 1405.338013 -6159.365234 3233.718994
v 1405.338013 -6159.365234 3332.303955
v 1360.431152 -6326.959961 3233.718994
v 1360.431152 -6326.959961 3332.303955
v 1237.743408 -6449.647461 3233.718994
v 1237.743408 -6449.647461 3332.303955
v 1070.148804 -6494.554688 3233.718994
v 1070.148804 -6494.554688 3332.303955
v 902.554199 -6449.647461 3233.718994
v 902.554199 -6449.647461 3332.303955
v 779.866394 -6326.959961 3233.718994
v 779.866394 -6326.959961 3332.303955
v 734.959595 -6159.365234 3233.718994
v 734.959595 -6159.365234 3332.303955
v 779.866394 -5991.770508 3233.718994
v 779.866394 -5991.770508 3332.303955
v 902.554199 -5869.083008 3233.718994
v 902.554199 -5869.083008 3332.303955
v 577.223511 -5271.322754 2297.160645
v 577.223511 -4167.270020 2297.160645
v 1563.074097 -5271.322754 3283.011475
v 1563.074097 -4167.270020 3283.011475
v 1563.074097 -5271.322754 2297.160645
v 1563.074097 -4167.270020 2297.160645
v 577.223511 -4071.265137 3283.011475
v 577.223511 -2967.212402 3283.011475
v 1070.148804 -4183.529785 3233.718750
v 1070.148804 -4183.529785 3332.303955
v 1218.026367 -4223.153320 3233.718750
v 1218.026367 -4223.153320 3332.303955
v 1326.280273 -4331.407227 3233.718994
v 1326.280273 -4331.407227 3332.303955
v 1365.903931 -4479.284668 3233.718994
v 1365.903931 -4479.284668 3332.303955
v 1326.280273 -4627.162598 3233.718994
v 1326.280273 -4627.162598 3332.303955
v 1218.026367 -4735.416504 3233.718994
v 1218.026367 -4735.416504 3332.303955
v 1070.148804 -4775.040039 3233.718994
v 1070.148804 -4775.040039 3332.303955
v 922.271179 -4735.416504 3233.718994
v 922.271179 -4735.416504 3332.303955
v 814.017273 -4627.162598 3233.718994
v 814.017273 -4627.162598 3332.303955
v 774.393616 -4479.284668 3233.718994
v 774.393616 -4479.284668 3332.303955
v 814.017273 -4331.407227 3233.718994
v 814.017273 -4331.407227 3332.303955
v 922.271179 -4223.153320 3233.718750
v 922.271179 -4223.153320 3332.303955
v 1070.148804 -4624.118652 3233.718750
v 1070.148804 -4624.118652 3332.303955
v 1237.743408 -4669.025391 3233.718750
v 1237.743408 -4669.025391 3332.303955
v 1360.431152 -4791.713379 3233.718994
v 1360.431152 -4791.713379 3332.303955
v 1405.338013 -4959.307617 3233.718994
v 1405.338013 -4959.307617 3332.303955
v 1360.431152 -5126.902344 3233.718994
v 1360.431152 -5126.902344 3332.303955
v 1237.743408 -5249.590332 3233.718994
v 1237.743408 -5249.590332 3332.303955
v 1070.148804 -5294.497070 3233.718994
v 1070.148804 -5294.497070 3332.303955
v 902.554199 -5249.590332 3233.718994
v 902.554199 -5249.590332 3332.303955
v 779.866394 -5126.902344 3233.718994
v 779.866394 -5126.902344 3332.303955
v 734.959595 -4959.307617 3233.718994
v 734.959595 -4959.307617 3332.303955
v 779.866394 -4791.713379 3233.718994
v 779.866394 -4791.713379 3332.303955
v 902.554199 -4669.025391 3233.718750
v 902.554199 -4669.025391 3332.303955
v 577.223511 -4071.265137 2297.160645
v 577.223511 -2967.212402 2297.160645
v 1563.074097 -4071.265137 3283.011475
v 1563.074097 -2967.212402 3283.011475
v 1563.074097 -4071.265137 2297.160645
v 1563.074097 -2967.212402 2297.160645
v 577.223511 -2871.207764 3283.011230
v 577.223511 -1767.155029 3283.011230
v 1070.148804 -2983.472168 3233.718750
v 1070.148804 -2983.472168 3332.303955
v 1218.026367 -3023.095703 3233.718750
v 1218.026367 -3023.095703 3332.303955
v 1326.280273 -3131.349609 3233.718750
v 1326.280273 -3131.349609 3332.303955
v 1365.903931 -3279.227295 3233.718750
v 1365.903931 -3279.227295 3332.303955
v 1326.280273 -3427.104980 3233.718750
v 1326.280273 -3427.104980 3332.303955
v 1218.026367 -3535.358887 3233.718750
v 1218.026367 -3535.358887 3332.303955
v 1070.148804 -3574.982422 3233.718994
v 1070.148804 -3574.982422 3332.303955
v 922.271179 -3535.358887 3233.718750
v 922.271179 -3535.358887 3332.303955
v 814.017273 -3427.104980 3233.718750
v 814.017273 -3427.104980 3332.303955
v 774.393616 -3279.227295 3233.718750
v 774.393616 -3279.227295 3332.303955
v 814.017273 -3131.349609 3233.718750
v 814.017273 -3131.349609 3332.303955
v 922.271179 -3023.095703 3233.718750
v 922.271179 -3023.095703 3332.303955
v 1070.148804 -3424.061035 3233.718750
v 1070.148804 -3424.061035 3332.303955
v 1237.743408 -3468.968018 3233.718750
v 1237.743408 -3468.968018 3332.303955
v 1360.431152 -3591.655762 3233.718750
v 1360.431152 -3591.655762 3332.303955
v 1405.338013 -3759.250244 3233.718750
v 1405.338013 -3759.250244 3332.303955
v 1360.431152 -3926.844971 3233.718750
v 1360.431152 -3926.844971 3332.303955
v 1237.743408 -4049.532715 3233.718994
v 1237.743408 -4049.532715 3332.303955
v 1070.148804 -4094.439453 3233.718994
v 1070.148804 -4094.439453 3332.303955
v 902.554199 -4049.532715 3233.718994
v 902.554199 -4049.532715 3332.303955
v 779.866394 -3926.844971 3233.718750
v 779.866394 -3926.844971 3332.303955
v 734.959595 -3759.250244 3233.718750
v 734.959595 -3759.250244 3332.303955
v 779.866394 -3591.655762 3233.718750
v 779.866394 -3591.655762 3332.303955
v 902.554199 -3468.968018 3233.718750
v 902.554199 -3468.968018 3332.303955
v 577.223511 -2871.207764 2297.160400
v 577.223511 -1767.155029 2297.160400
v 1563.074097 -2871.207764 3283.011230
v 1563.074097 -1767.155029 3283.011230
v 1563.074097 -2871.207764 2297.160400
v 1563.074097 -1767.155029 2297.160400
v 577.223511 -1671.150146 3283.011230
v 577.223511 -567.097473 3283.011230
v 1070.148804 -1783.414795 3233.718750
v 1070.148804 -1783.414795 3332.303711
v 1218.026367 -1823.038330 3233.718750
v 1218.026367 -1823.038330 3332.303711
v 1326.280273 -1931.292236 3233.718750
v 1326.280273 -1931.292236 3332.303955
v 1365.903931 -2079.169922 3233.718750
v 1365.903931 -2079.169922 3332.303955
v 1326.280273 -2227.047607 3233.718750
v 1326.280273 -2227.047607 3332.303955
v 1218.026367 -2335.301514 3233.718750
v 1218.026367 -2335.301514 3332.303955
v 1070.148804 -2374.925049 3233.718750
v 1070.148804 -2374.925049 3332.303955
v 922.271179 -2335.301514 3233.718750
v 922.271179 -2335.301514 3332.303955
v 814.017273 -2227.047607 3233.718750
v 814.017273 -2227.047607 3332.303955
v 774.393616 -2079.169922 3233.718750
v 774.393616 -2079.169922 3332.303955
v 814.017273 -1931.292236 3233.718750
v 814.017273 -1931.292236 3332.303955
v 922.271179 -1823.038330 3233.718750
v 922.271179 -1823.038330 3332.303711
v 1070.148804 -2224.003662 3233.718750
v 1070.148804 -2224.003662 3332.303955
v 1237.743408 -2268.910400 3233.718750
v 1237.743408 -2268.910400 3332.303955
v 1360.431152 -2391.598389 3233.718750
v 1360.431152 -2391.598389 3332.303955
v 1405.338013 -2559.192871 3233.718750
v 1405.338013 -2559.192871 3332.303955
v 1360.431152 -2726.787354 3233.718750
v 1360.431152 -2726.787354 3332.303955
v 1237.743408 -2849.475342 3233.718750
v 1237.743408 -2849.475342 3332.303955
v 1070.148804 -2894.382080 3233.718750
v 1070.148804 -2894.382080 3332.303955
v 902.554199 -2849.475342 3233.718750
v 902.554199 -2849.475342 3332.303955
v 779.866394 -2726.787354 3233.718750
v 779.866394 -2726.787354 3332.303955
v 734.959595 -2559.192871 3233.718750
v 734.959595 -2559.192871 3332.303955
v 779.866394 -2391.598389 3233.718750
v 779.866394 -2391.598389 3332.303955
v 902.554199 -2268.910400 3233.718750
v 902.554199 -2268.910400 3332.303955
v 577.223511 -1671.150146 2297.160400
v 577.223511 -567.097473 2297.160400
v 1563.074097 -1671.150146 3283.011230
v 1563.074097 -567.097473 3283.011230
v 1563.074097 -1671.150146 2297.160400
v 1563.074097 -567.097473 2297.160400
v 577.223511 -471.092560 3283.011230
v 577.223511 632.960144 3283.011230
v 1070.148804 -583.357239 3233.718750
v 1070.148804 -583.357239 3332.303711
v 1218.026367 -622.981262 3233.718750
v 1218.026367 -622.981262 3332.303711
v 1326.280273 -731.235168 3233.718750
v 1326.280273 -731.235168 3332.303711
v 1365.903931 -879.112610 3233.718750
v 1365.903931 -879.112610 3332.303711
v 1326.280273 -1026.989990 3233.718750
v 1326.280273 -1026.989990 3332.303711
v 1218.026367 -1135.243896 3233.718750
v 1218.026367 -1135.243896 3332.303711
v 1070.148804 -1174.867920 3233.718750
v 1070.148804 -1174.867920 3332.303711
v 922.271179 -1135.243896 3233.718750
v 922.271179 -1135.243896 3332.303711
v 814.017273 -1026.989990 3233.718750
v 814.017273 -1026.989990 3332.303711
v 774.393616 -879.112610 3233.718750
v 774.393616 -879.112610 3332.303711
v 814.017273 -731.235168 3233.718750
v 814.017273 -731.235168 3332.303711
v 922.271179 -622.981262 3233.718750
v 922.271179 -622.981262 3332.303711
v 1070.148804 -1023.946106 3233.718750
v 1070.148804 -1023.946106 3332.303711
v 1237.743408 -1068.852783 3233.718750
v 1237.743408 -1068.852783 3332.303711
v 1360.431152 -1191.540771 3233.718750
v 1360.431152 -1191.540771 3332.303711
v 1405.338013 -1359.135254 3233.718750
v 1405.338013 -1359.135254 3332.303711
v 1360.431152 -1526.729736 3233.718750
v 1360.431152 -1526.729736 3332.303711
v 1237.743408 -1649.417725 3233.718750
v 1237.743408 -1649.417725 3332.303711
v 1070.148804 -1694.324463 3233.718750
v 1070.148804 -1694.324463 3332.303711
v 902.554199 -1649.417725 3233.718750
v 902.554199 -1649.417725 3332.303711
v 779.866394 -1526.729736 3233.718750
v 779.866394 -1526.729736 3332.303711
v 734.959595 -1359.135254 3233.718750
v 734.959595 -1359.135254 3332.303711
v 779.866394 -1191.540771 3233.718750
v 779.866394 -1191.540771 3332.303711
v 902.554199 -1068.852783 3233.718750
v 902.554199 -1068.852783 3332.303711
v 577.223511 -471.092560 2297.160400
v 577.223511 632.960144 2297.160400
v 1563.074097 -471.092560 3283.011230
v 1563.074097 632.960144 3283.011230
v 1563.074097 -471.092560 2297.160400
v 1563.074097 632.960144 2297.160400
v 1070.148804 616.700378 3233.718506
v 1070.148804 616.700378 3332.303711
v 1218.026367 577.076355 3233.718750
v 1218.026367 577.076355 3332.303711
v 1326.280273 468.822479 3233.718750
v 1326.280273 468.822479 3332.303711
v 1365.903931 320.945038 3233.718750
v 1365.903931 320.945038 3332.303711
v 1326.280273 173.067596 3233.718750
v 1326.280273 173.067596 3332.303711
v 1218.026367 64.813683 3233.718750
v 1218.026367 64.813683 3332.303711
v 1070.148804 25.189663 3233.718750
v 1070.148804 25.189663 3332.303711
v 922.271179 64.813683 3233.718750
v 922.271179 64.813683 3332.303711
v 814.017273 173.067596 3233.718750
v 814.017273 173.067596 3332.303711
v 774.393616 320.945038 3233.718750
v 774.393616 320.945038 3332.303711
v 814.017273 468.822479 3233.718750
v 814.017273 468.822479 3332.303711
v 922.271179 577.076355 3233.718750
v 922.271179 577.076355 3332.303711
v 1070.148804 176.111542 3233.718750
v 1070.148804 176.111542 3332.303711
v 1237.743408 131.204315 3233.718750
v 1237.743408 131.204315 3332.303711
v 1360.431152 8.516811 3233.718750
v 1360.431152 8.516811 3332.303711
v 1405.338013 -159.077911 3233.718750
v 1405.338013 -159.077911 3332.303711
v 1360.431152 -326.672638 3233.718750
v 1360.431152 -326.672638 3332.303711
v 1237.743408 -449.360138 3233.718750
v 1237.743408 -449.360138 3332.303711
v 1070.148804 -494.267365 3233.718750
v 1070.148804 -494.267365 3332.303711
v 902.554199 -449.360138 3233.718750
v 902.554199 -449.360138 3332.303711
v 779.866394 -326.672638 3233.718750
v 779.866394 -326.672638 3332.303711
v 734.959595 -159.077911 3233.718750
v 734.959595 -159.077911 3332.303711
v 779.866394 8.516811 3233.718750
v 779.866394 8.516811 3332.303711
v 902.554199 131.204315 3233.718750
v 902.554199 131.204315 3332.303711
vt 0.001943 0.952381
vt 0.094505 0.952381
vt 0.094505 0.000000
vt 0.001943 0.000000
vt 0.000000 0.001943
vt 0.000000 0.094505
vt 1.000000 0.094505
vt 1.000000 0.001943
vt 0.001943 0.000000
vt 0.094505 0.000000
vt 0.094505 0.952381
vt 0.001943 0.952381
vt 1.000000 0.001943
vt 1.000000 0.094505
vt 0.000000 0.094505
vt 0.000000 0.001943
vt 0.000000 0.000000
vt 1.000000 0.000000
vt 1.000000 0.952381
vt 0.000000 0.952381
vt 1.000000 0.000000
vt 0.000000 0.000000
vt 0.000000 0.952381
vt 1.000000 0.952381
vt 0.181354 0.904762
vt 0.181354 1.000000
vt 0.168956 1.000000
vt 0.168956 0.904762
vt 0.281965 0.904762
vt 0.281965 1.000000
vt 0.269567 1.000000
vt 0.269567 0.904762
vt 0.500000 0.904762
vt 0.500000 1.000000
vt 0.650000 1.000000
vt 0.650000 0.904762
vt 1.000000 0.102553
vt 1.000000 0.195115
vt 0.000000 0.195115
vt 0.000000 0.102553
vt 0.670000 0.904762
vt 0.670000 1.000000
vt 0.500000 1.000000
vt 0.500000 0.904762
vt 0.089819 0.904762
vt 0.089819 1.000000
vt 0.080744 1.000000
vt 0.080744 0.904762
vt 0.000000 0.000000
vt 1.000000 0.000000
vt 1.000000 0.952381
vt 0.000000 0.952381
vt 0.042152 0.904762
vt 0.042152 1.000000
vt 0.028102 1.000000
vt 0.028102 0.904762
vt 0.080744 0.904762
vt 0.080744 1.000000
vt 0.068346 1.000000
vt 0.068346 0.904762
vt 0.500000 0.904762
vt 0.500000 1.000000
vt 0.650000 1.000000
vt 0.650000 0.904762
vt 0.500000 0.904762
vt 0.500000 1.000000
vt 0.650000 1.000000
vt 0.650000 0.904762
vt 0.068346 0.904762
vt 0.068346 1.000000
vt 0.055948 1.000000
vt 0.055948 0.904762
vt 0.670000 0.904762
vt 0.670000 1.000000
vt 0.500000 1.000000
vt 0.500000 0.904762
vt 0.670000 0.904762
vt 0.670000 1.000000
vt 0.500000 1.000000
vt 0.500000 0.904762
vt 0.055948 0.904762
vt 0.055948 1.000000
vt 0.046872 1.000000
vt 0.046872 0.904762
vt 1.000000 0.000000
vt 0.000000 0.000000
vt 0.000000 0.952381
vt 1.000000 0.952381
vt 0.670000 0.904762
vt 0.670000 1.000000
vt 0.794449 1.000000
vt 0.794449 0.904762
vt 0.650000 0.904762
vt 0.650000 1.000000
vt 0.500000 1.000000
vt 0.500000 0.904762
vt 0.670000 0.904762
vt 0.670000 1.000000
vt 0.500000 1.000000
vt 0.500000 0.904762
vt 0.128712 0.904762
vt 0.128712 1.000000
vt 0.114661 1.000000
vt 0.114661 0.904762
vt 0.500000 0.904762
vt 0.500000 1.000000
vt 0.350000 1.000000
vt 0.350000 0.904762
vt 0.794449 0.904762
vt 0.794449 1.000000
vt 0.670000 1.000000
vt 0.670000 0.904762
vt 1.000000 0.000000
vt 0.000000 0.000000
vt 0.000000 0.952381
vt 1.000000 0.952381
vt 0.046872 0.904762
vt 0.046872 1.000000
vt 0.055948 1.000000
vt 0.055948 0.904762
vt 1.000000 0.303775
vt 1.000000 0.396336
vt 0.000000 0.396336
vt 0.000000 0.303775
vt 0.500000 0.904762
vt 0.500000 1.000000
vt 0.670000 1.000000
vt 0.670000 0.904762
vt 0.055948 0.904762
vt 0.055948 1.000000
vt 0.068346 1.000000
vt 0.068346 0.904762
vt 0.168956 0.904762
vt 0.168956 1.000000
vt 0.156559 1.000000
vt 0.156559 0.904762
vt 0.500000 0.904762
vt 0.500000 1.000000
vt 0.330000 1.000000
vt 0.330000 0.904762
vt 0.068346 0.904762
vt 0.068346 1.000000
vt 0.080744 1.000000
vt 0.080744 0.904762
vt 0.650000 0.089819
vt 0.500000 0.093141
vt 0.350000 0.089819
vt 0.240192 0.080744
vt 0.200000 0.068346
vt 0.240192 0.055948
vt 0.350000 0.046872
vt 0.500000 0.043550
vt 0.650000 0.046872
vt 0.759808 0.055948
vt 0.800000 0.068346
vt 0.759808 0.080744
vt 0.670000 0.904762
vt 0.670000 1.000000
vt 0.794449 1.000000
vt 0.794449 0.904762
vt 0.080744 0.904762
vt 0.080744 1.000000
vt 0.089819 1.000000
vt 0.089819 0.904762
vt 0.500000 0.904762
vt 0.500000 1.000000
vt 0.330000 1.000000
vt 0.330000 0.904762
vt 0.028102 0.904762
vt 0.028102 1.000000
vt 0.014051 1.000000
vt 0.014051 0.904762
vt 0.350000 0.904762
vt 0.350000 1.000000
vt 0.500000 1.000000
vt 0.500000 0.904762
vt 0.500000 0.093141
vt 0.650000 0.089819
vt 0.759808 0.080744
vt 0.800000 0.068346
vt 0.759808 0.055948
vt 0.650000 0.046872
vt 0.500000 0.043550
vt 0.350000 0.046872
vt 0.240192 0.055948
vt 0.200000 0.068346
vt 0.240192 0.080744
vt 0.350000 0.089819
vt 0.330000 0.904762
vt 0.330000 1.000000
vt 0.205551 1.000000
vt 0.205551 0.904762
vt 0.000000 0.000000
vt 1.000000 0.000000
vt 1.000000 0.952381
vt 0.000000 0.952381
vt 0.102553 0.000000
vt 0.195115 0.000000
vt 0.195115 0.952381
vt 0.102553 0.952381
vt 0.014051 0.904762
vt 0.014051 1.000000
vt 0.028102 1.000000
vt 0.028102 0.904762
vt 0.142763 0.904762
vt 0.142763 1.000000
vt 0.128712 1.000000
vt 0.128712 0.904762
vt 0.000000 0.102553
vt 0.000000 0.195115
vt 1.000000 0.195115
vt 1.000000 0.102553
vt 0.028102 0.904762
vt 0.028102 1.000000
vt 0.042152 1.000000
vt 0.042152 0.904762
vt 0.794449 0.014051
vt 0.840000 0.028102
vt 0.794449 0.042152
vt 0.670000 0.052438
vt 0.500000 0.056203
vt 0.330000 0.052438
vt 0.205551 0.042152
vt 0.160000 0.028102
vt 0.205551 0.014051
vt 0.330000 0.003765
vt 0.500000 0.000000
vt 0.670000 0.003765
vt 0.102553 0.952381
vt 0.195115 0.952381
vt 0.195115 0.000000
vt 0.102553 0.000000
vt 0.205551 0.904762
vt 0.205551 1.000000
vt 0.330000 1.000000
vt 0.330000 0.904762
vt 0.156559 0.904762
vt 0.156559 1.000000
vt 0.147483 1.000000
vt 0.147483 0.904762
vt 0.190430 0.904762
vt 0.190430 1.000000
vt 0.181354 1.000000
vt 0.181354 0.904762
vt 0.330000 0.904762
vt 0.330000 1.000000
vt 0.500000 1.000000
vt 0.500000 0.904762
vt 0.330000 0.003765
vt 0.205551 0.014051
vt 0.160000 0.028102
vt 0.205551 0.042152
vt 0.330000 0.052438
vt 0.500000 0.056203
vt 0.670000 0.052438
vt 0.794449 0.042152
vt 0.840000 0.028102
vt 0.794449 0.014051
vt 0.670000 0.003765
vt 0.500000 0.000000
vt 0.650000 0.904762
vt 0.650000 1.000000
vt 0.500000 1.000000
vt 0.500000 0.904762
vt 0.229323 0.904762
vt 0.229323 1.000000
vt 0.215272 1.000000
vt 0.215272 0.904762
vt 0.000000 0.000000
vt 1.000000 0.000000
vt 1.000000 0.952381
vt 0.000000 0.952381
vt 0.500000 0.904762
vt 0.500000 1.000000
vt 0.350000 1.000000
vt 0.350000 0.904762
vt 0.794449 0.904762
vt 0.794449 1.000000
vt 0.670000 1.000000
vt 0.670000 0.904762
vt 0.147483 0.904762
vt 0.147483 1.000000
vt 0.156559 1.000000
vt 0.156559 0.904762
vt 0.500000 0.904762
vt 0.500000 1.000000
vt 0.670000 1.000000
vt 0.670000 0.904762
vt 0.156559 0.904762
vt 0.156559 1.000000
vt 0.168956 1.000000
vt 0.168956 0.904762
vt 0.500000 0.904762
vt 0.500000 1.000000
vt 0.330000 1.000000
vt 0.330000 0.904762
vt 0.269567 0.904762
vt 0.269567 1.000000
vt 0.257169 1.000000
vt 0.257169 0.904762
vt 0.168956 0.904762
vt 0.168956 1.000000
vt 0.181354 1.000000
vt 0.181354 0.904762
vt 0.253660 0.904762
vt 0.253660 1.000000
vt 0.243374 1.000000
vt 0.243374 0.904762
vt 0.759808 0.156559
vt 0.650000 0.147483
vt 0.500000 0.144161
vt 0.350000 0.147483
vt 0.240192 0.156559
vt 0.200000 0.168956
vt 0.240192 0.181354
vt 0.350000 0.190430
vt 0.500000 0.193752
vt 0.650000 0.190430
vt 0.759808 0.181354
vt 0.800000 0.168956
vt 0.181354 0.904762
vt 0.181354 1.000000
vt 0.190430 1.000000
vt 0.190430 0.904762
vt 0.500000 0.904762
vt 0.500000 1.000000
vt 0.650000 1.000000
vt 0.650000 0.904762
vt 1.000000 0.203164
vt 1.000000 0.295726
vt 0.000000 0.295726
vt 0.000000 0.203164
vt 0.350000 0.904762
vt 0.350000 1.000000
vt 0.500000 1.000000
vt 0.500000 0.904762
vt 0.650000 0.190430
vt 0.500000 0.193752
vt 0.350000 0.190430
vt 0.240192 0.181354
vt 0.200000 0.168956
vt 0.240192 0.156559
vt 0.350000 0.147483
vt 0.500000 0.144161
vt 0.650000 0.147483
vt 0.759808 0.156559
vt 0.800000 0.168956
vt 0.759808 0.181354
vt 0.330000 0.904762
vt 0.330000 1.000000
vt 0.205551 1.000000
vt 0.205551 0.904762
vt 0.500000 0.904762
vt 0.500000 1.000000
vt 0.650000 1.000000
vt 0.650000 0.904762
vt 0.203164 0.000000
vt 0.295726 0.000000
vt 0.295726 0.952381
vt 0.203164 0.952381
vt 0.114661 0.904762
vt 0.114661 1.000000
vt 0.128712 1.000000
vt 0.128712 0.904762
vt 0.243374 0.904762
vt 0.243374 1.000000
vt 0.229323 1.000000
vt 0.229323 0.904762
vt 0.000000 0.203164
vt 0.000000 0.295726
vt 1.000000 0.295726
vt 1.000000 0.203164
vt 0.128712 0.904762
vt 0.128712 1.000000
vt 0.142763 1.000000
vt 0.142763 0.904762
vt 0.840000 0.128712
vt 0.794449 0.142763
vt 0.670000 0.153049
vt 0.500000 0.156814
vt 0.330000 0.153049
vt 0.205551 0.142763
vt 0.160000 0.128712
vt 0.205551 0.114661
vt 0.330000 0.104376
vt 0.500000 0.100611
vt 0.670000 0.104376
vt 0.794449 0.114661
vt 0.203164 0.952381
vt 0.295726 0.952381
vt 0.295726 0.000000
vt 0.203164 0.000000
vt 0.205551 0.904762
vt 0.205551 1.000000
vt 0.330000 1.000000
vt 0.330000 0.904762
vt 0.257169 0.904762
vt 0.257169 1.000000
vt 0.248093 1.000000
vt 0.248093 0.904762
vt 0.291041 0.904762
vt 0.291041 1.000000
vt 0.281965 1.000000
vt 0.281965 0.904762
vt 0.330000 0.904762
vt 0.330000 1.000000
vt 0.500000 1.000000
vt 0.500000 0.904762
vt 0.330000 0.104376
vt 0.205551 0.114661
vt 0.160000 0.128712
vt 0.205551 0.142763
vt 0.330000 0.153049
vt 0.500000 0.156814
vt 0.670000 0.153049
vt 0.794449 0.142763
vt 0.840000 0.128712
vt 0.794449 0.114661
vt 0.670000 0.104376
vt 0.500000 0.100611
vt 0.650000 0.904762
vt 0.650000 1.000000
vt 0.500000 1.000000
vt 0.500000 0.904762
vt 0.357780 0.904762
vt 0.357780 1.000000
vt 0.348704 1.000000
vt 0.348704 0.904762
vt 1.000000 0.000000
vt 0.000000 0.000000
vt 0.000000 0.952381
vt 1.000000 0.952381
vt 0.500000 0.904762
vt 0.500000 1.000000
vt 0.350000 1.000000
vt 0.350000 0.904762
vt 0.391651 0.904762
vt 0.391651 1.000000
vt 0.382575 1.000000
vt 0.382575 0.904762
vt 0.215272 0.904762
vt 0.215272 1.000000
vt 0.204986 1.000000
vt 0.204986 0.904762
vt 0.248093 0.904762
vt 0.248093 1.000000
vt 0.257169 1.000000
vt 0.257169 0.904762
vt 0.500000 0.904762
vt 0.500000 1.000000
vt 0.670000 1.000000
vt 0.670000 0.904762
vt 0.370178 0.904762
vt 0.370178 1.000000
vt 0.357780 1.000000
vt 0.357780 0.904762
vt 0.257169 0.904762
vt 0.257169 1.000000
vt 0.269567 1.000000
vt 0.269567 0.904762
vt 0.354270 0.904762
vt 0.354270 1.000000
vt 0.343984 1.000000
vt 0.343984 0.904762
vt 0.269567 0.904762
vt 0.269567 1.000000
vt 0.281965 1.000000
vt 0.281965 0.904762
vt 0.500000 0.904762
vt 0.500000 1.000000
vt 0.330000 1.000000
vt 0.330000 0.904762
vt 0.800000 0.269567
vt 0.759808 0.257169
vt 0.650000 0.248093
vt 0.500000 0.244772
vt 0.350000 0.248093
vt 0.240192 0.257169
vt 0.200000 0.269567
vt 0.240192 0.281965
vt 0.350000 0.291041
vt 0.500000 0.294363
vt 0.650000 0.291041
vt 0.759808 0.281965
vt 0.281965 0.904762
vt 0.281965 1.000000
vt 0.291041 1.000000
vt 0.291041 0.904762
vt 0.483186 0.904762
vt 0.483186 1.000000
vt 0.470788 1.000000
vt 0.470788 0.904762
vt 0.382575 0.904762
vt 0.382575 1.000000
vt 0.370178 1.000000
vt 0.370178 0.904762
vt 0.350000 0.904762
vt 0.350000 1.000000
vt 0.500000 1.000000
vt 0.500000 0.904762
vt 0.650000 0.248093
vt 0.759808 0.257169
vt 0.800000 0.269567
vt 0.759808 0.281965
vt 0.650000 0.291041
vt 0.500000 0.294363
vt 0.350000 0.291041
vt 0.240192 0.281965
vt 0.200000 0.269567
vt 0.240192 0.257169
vt 0.350000 0.248093
vt 0.500000 0.244772
vt 0.204986 0.904762
vt 0.204986 1.000000
vt 0.215272 1.000000
vt 0.215272 0.904762
vt 0.303775 0.000000
vt 0.396336 0.000000
vt 0.396336 0.952381
vt 0.303775 0.952381
vt 0.000000 0.000000
vt 1.000000 0.000000
vt 1.000000 0.952381
vt 0.000000 0.952381
vt 0.215272 0.904762
vt 0.215272 1.000000
vt 0.229323 1.000000
vt 0.229323 0.904762
vt 0.000000 0.303775
vt 0.000000 0.396336
vt 1.000000 0.396336
vt 1.000000 0.303775
vt 0.343984 0.904762
vt 0.343984 1.000000
vt 0.329933 1.000000
vt 0.329933 0.904762
vt 0.229323 0.904762
vt 0.229323 1.000000
vt 0.243374 1.000000
vt 0.243374 0.904762
vt 0.303775 0.952381
vt 0.396336 0.952381
vt 0.396336 0.000000
vt 0.303775 0.000000
vt 0.330000 0.204986
vt 0.205551 0.215272
vt 0.160000 0.229323
vt 0.205551 0.243374
vt 0.330000 0.253660
vt 0.500000 0.257424
vt 0.670000 0.253660
vt 0.794449 0.243374
vt 0.840000 0.229323
vt 0.794449 0.215272
vt 0.670000 0.204986
vt 0.500000 0.201221
vt 0.243374 0.904762
vt 0.243374 1.000000
vt 0.253660 1.000000
vt 0.253660 0.904762
vt 0.329933 0.904762
vt 0.329933 1.000000
vt 0.315883 1.000000
vt 0.315883 0.904762
vt 1.000000 0.000000
vt 0.000000 0.000000
vt 0.000000 0.952381
vt 1.000000 0.952381
vt 0.330000 0.904762
vt 0.330000 1.000000
vt 0.500000 1.000000
vt 0.500000 0.904762
vt 0.840000 0.229323
vt 0.794449 0.243374
vt 0.670000 0.253660
vt 0.500000 0.257424
vt 0.330000 0.253660
vt 0.205551 0.243374
vt 0.160000 0.229323
vt 0.205551 0.215272
vt 0.330000 0.204986
vt 0.500000 0.201221
vt 0.670000 0.204986
vt 0.794449 0.215272
vt 0.650000 0.904762
vt 0.650000 1.000000
vt 0.500000 1.000000
vt 0.500000 0.904762
vt 1.000000 0.504996
vt 1.000000 0.597558
vt 0.000000 0.597558
vt 0.000000 0.504996
vt 0.500000 0.904762
vt 0.500000 1.000000
vt 0.650000 1.000000
vt 0.650000 0.904762
vt 0.500000 0.904762
vt 0.500000 1.000000
vt 0.350000 1.000000
vt 0.350000 0.904762
vt 0.670000 0.904762
vt 0.670000 1.000000
vt 0.794449 1.000000
vt 0.794449 0.904762
vt 0.794449 0.904762
vt 0.794449 1.000000
vt 0.670000 1.000000
vt 0.670000 0.904762
vt 0.348704 0.904762
vt 0.348704 1.000000
vt 0.357780 1.000000
vt 0.357780 0.904762
vt 0.500000 0.904762
vt 0.500000 1.000000
vt 0.670000 1.000000
vt 0.670000 0.904762
vt 0.583797 0.904762
vt 0.583797 1.000000
vt 0.571399 1.000000
vt 0.571399 0.904762
vt 0.357780 0.904762
vt 0.357780 1.000000
vt 0.370178 1.000000
vt 0.370178 0.904762
vt 0.670000 0.904762
vt 0.670000 1.000000
vt 0.500000 1.000000
vt 0.500000 0.904762
vt 0.470788 0.904762
vt 0.470788 1.000000
vt 0.458390 1.000000
vt 0.458390 0.904762
vt 0.370178 0.904762
vt 0.370178 1.000000
vt 0.382575 1.000000
vt 0.382575 0.904762
vt 1.000000 0.000000
vt 0.000000 0.000000
vt 0.000000 0.952381
vt 1.000000 0.952381
vt 0.759808 0.357780
vt 0.650000 0.348704
vt 0.500000 0.345382
vt 0.350000 0.348704
vt 0.240192 0.357780
vt 0.200000 0.370178
vt 0.240192 0.382575
vt 0.350000 0.391651
vt 0.500000 0.394973
vt 0.650000 0.391651
vt 0.759808 0.382575
vt 0.800000 0.370178
vt 0.382575 0.904762
vt 0.382575 1.000000
vt 0.391651 1.000000
vt 0.391651 0.904762
vt 0.670000 0.904762
vt 0.670000 1.000000
vt 0.500000 1.000000
vt 0.500000 0.904762
vt 1.000000 0.404385
vt 1.000000 0.496947
vt 0.000000 0.496947
vt 0.000000 0.404385
vt 0.350000 0.904762
vt 0.350000 1.000000
vt 0.500000 1.000000
vt 0.500000 0.904762
vt 0.650000 0.348704
vt 0.759808 0.357780
vt 0.800000 0.370178
vt 0.759808 0.382575
vt 0.650000 0.391651
vt 0.500000 0.394973
vt 0.350000 0.391651
vt 0.240192 0.382575
vt 0.200000 0.370178
vt 0.240192 0.357780
vt 0.350000 0.348704
vt 0.500000 0.345382
vt 0.330000 0.904762
vt 0.330000 1.000000
vt 0.205551 1.000000
vt 0.205551 0.904762
vt 0.444595 0.904762
vt 0.444595 1.000000
vt 0.430544 1.000000
vt 0.430544 0.904762
vt 0.404385 0.000000
vt 0.496947 0.000000
vt 0.496947 0.952381
vt 0.404385 0.952381
vt 0.315883 0.904762
vt 0.315883 1.000000
vt 0.329933 1.000000
vt 0.329933 0.904762
vt 0.000000 0.000000
vt 1.000000 0.000000
vt 1.000000 0.952381
vt 0.000000 0.952381
vt 0.000000 0.404385
vt 0.000000 0.496947
vt 1.000000 0.496947
vt 1.000000 0.404385
vt 0.329933 0.904762
vt 0.329933 1.000000
vt 0.343984 1.000000
vt 0.343984 0.904762
vt 0.840000 0.329933
vt 0.794449 0.343984
vt 0.670000 0.354270
vt 0.500000 0.358035
vt 0.330000 0.354270
vt 0.205551 0.343984
vt 0.160000 0.329933
vt 0.205551 0.315883
vt 0.330000 0.305597
vt 0.500000 0.301832
vt 0.670000 0.305597
vt 0.794449 0.315883
vt 0.404385 0.952381
vt 0.496947 0.952381
vt 0.496947 0.000000
vt 0.404385 0.000000
vt 0.343984 0.904762
vt 0.343984 1.000000
vt 0.354270 1.000000
vt 0.354270 0.904762
vt 0.458390 0.904762
vt 0.458390 1.000000
vt 0.449315 1.000000
vt 0.449315 0.904762
vt 0.492262 0.904762
vt 0.492262 1.000000
vt 0.483186 1.000000
vt 0.483186 0.904762
vt 0.330000 0.904762
vt 0.330000 1.000000
vt 0.500000 1.000000
vt 0.500000 0.904762
vt 0.500000 0.301832
vt 0.330000 0.305597
vt 0.205551 0.315883
vt 0.160000 0.329933
vt 0.205551 0.343984
vt 0.330000 0.354270
vt 0.500000 0.358035
vt 0.670000 0.354270
vt 0.794449 0.343984
vt 0.840000 0.329933
vt 0.794449 0.315883
vt 0.670000 0.305597
vt 0.650000 0.904762
vt 0.650000 1.000000
vt 0.500000 1.000000
vt 0.500000 0.904762
vt 0.500000 0.904762
vt 0.500000 1.000000
vt 0.650000 1.000000
vt 0.650000 0.904762
vt 1.000000 0.605606
vt 1.000000 0.698168
vt 0.000000 0.698168
vt 0.000000 0.605606
vt 0.500000 0.904762
vt 0.500000 1.000000
vt 0.350000 1.000000
vt 0.350000 0.904762
vt 0.794449 0.904762
vt 0.794449 1.000000
vt 0.670000 1.000000
vt 0.670000 0.904762
vt 0.555491 0.904762
vt 0.555491 1.000000
vt 0.545205 1.000000
vt 0.545205 0.904762
vt 0.449315 0.904762
vt 0.449315 1.000000
vt 0.458390 1.000000
vt 0.458390 0.904762
vt 0.684407 0.904762
vt 0.684407 1.000000
vt 0.672009 1.000000
vt 0.672009 0.904762
vt 0.500000 0.904762
vt 0.500000 1.000000
vt 0.670000 1.000000
vt 0.670000 0.904762
vt 0.458390 0.904762
vt 0.458390 1.000000
vt 0.470788 1.000000
vt 0.470788 0.904762
vt 0.571399 0.904762
vt 0.571399 1.000000
vt 0.559001 1.000000
vt 0.559001 0.904762
vt 0.670000 0.904762
vt 0.670000 1.000000
vt 0.500000 1.000000
vt 0.500000 0.904762
vt 0.470788 0.904762
vt 0.470788 1.000000
vt 0.483186 1.000000
vt 0.483186 0.904762
vt 0.650000 0.449315
vt 0.759808 0.458390
vt 0.800000 0.470788
vt 0.759808 0.483186
vt 0.650000 0.492262
vt 0.500000 0.495584
vt 0.350000 0.492262
vt 0.240192 0.483186
vt 0.200000 0.470788
vt 0.240192 0.458390
vt 0.350000 0.449315
vt 0.500000 0.445993
vt 1.000000 0.000000
vt 0.000000 0.000000
vt 0.000000 0.952381
vt 1.000000 0.952381
vt 0.483186 0.904762
vt 0.483186 1.000000
vt 0.492262 1.000000
vt 0.492262 0.904762
vt 0.500000 0.904762
vt 0.500000 1.000000
vt 0.330000 1.000000
vt 0.330000 0.904762
vt 0.430544 0.904762
vt 0.430544 1.000000
vt 0.416493 1.000000
vt 0.416493 0.904762
vt 0.350000 0.904762
vt 0.350000 1.000000
vt 0.500000 1.000000
vt 0.500000 0.904762
vt 0.800000 0.470788
vt 0.759808 0.458390
vt 0.650000 0.449315
vt 0.500000 0.445993
vt 0.350000 0.449315
vt 0.240192 0.458390
vt 0.200000 0.470788
vt 0.240192 0.483186
vt 0.350000 0.492262
vt 0.500000 0.495584
vt 0.650000 0.492262
vt 0.759808 0.483186
vt 0.330000 0.904762
vt 0.330000 1.000000
vt 0.205551 1.000000
vt 0.205551 0.904762
vt 0.545205 0.904762
vt 0.545205 1.000000
vt 0.531155 1.000000
vt 0.531155 0.904762
vt 0.504996 0.000000
vt 0.597558 0.000000
vt 0.597558 0.952381
vt 0.504996 0.952381
vt 0.416493 0.904762
vt 0.416493 1.000000
vt 0.430544 1.000000
vt 0.430544 0.904762
vt 0.000000 0.000000
vt 1.000000 0.000000
vt 1.000000 0.952381
vt 0.000000 0.952381
vt 0.000000 0.504996
vt 0.000000 0.597558
vt 1.000000 0.597558
vt 1.000000 0.504996
vt 0.430544 0.904762
vt 0.430544 1.000000
vt 0.444595 1.000000
vt 0.444595 0.904762
vt 0.794449 0.416493
vt 0.840000 0.430544
vt 0.794449 0.444595
vt 0.670000 0.454881
vt 0.500000 0.458646
vt 0.330000 0.454881
vt 0.205551 0.444595
vt 0.160000 0.430544
vt 0.205551 0.416493
vt 0.330000 0.406207
vt 0.500000 0.402442
vt 0.670000 0.406207
vt 0.504996 0.952381
vt 0.597558 0.952381
vt 0.597558 0.000000
vt 0.504996 0.000000
vt 0.205551 0.904762
vt 0.205551 1.000000
vt 0.330000 1.000000
vt 0.330000 0.904762
vt 0.559001 0.904762
vt 0.559001 1.000000
vt 0.549925 1.000000
vt 0.549925 0.904762
vt 0.592872 0.904762
vt 0.592872 1.000000
vt 0.583797 1.000000
vt 0.583797 0.904762
vt 0.330000 0.904762
vt 0.330000 1.000000
vt 0.500000 1.000000
vt 0.500000 0.904762
vt 0.500000 0.402442
vt 0.330000 0.406207
vt 0.205551 0.416493
vt 0.160000 0.430544
vt 0.205551 0.444595
vt 0.330000 0.454881
vt 0.500000 0.458646
vt 0.670000 0.454881
vt 0.794449 0.444595
vt 0.840000 0.430544
vt 0.794449 0.416493
vt 0.670000 0.406207
vt 0.650000 0.904762
vt 0.650000 1.000000
vt 0.500000 1.000000
vt 0.500000 0.904762
vt 0.500000 0.904762
vt 0.500000 1.000000
vt 0.650000 1.000000
vt 0.650000 0.904762
vt 1.000000 0.706217
vt 1.000000 0.798779
vt 0.000000 0.798779
vt 0.000000 0.706217
vt 0.500000 0.904762
vt 0.500000 1.000000
vt 0.350000 1.000000
vt 0.350000 0.904762
vt 0.517104 0.904762
vt 0.517104 1.000000
vt 0.506818 1.000000
vt 0.506818 0.904762
vt 0.656102 0.904762
vt 0.656102 1.000000
vt 0.645816 1.000000
vt 0.645816 0.904762
vt 0.549925 0.904762
vt 0.549925 1.000000
vt 0.559001 1.000000
vt 0.559001 0.904762
vt 0.785018 0.904762
vt 0.785018 1.000000
vt 0.772620 1.000000
vt 0.772620 0.904762
vt 0.500000 0.904762
vt 0.500000 1.000000
vt 0.670000 1.000000
vt 0.670000 0.904762
vt 0.559001 0.904762
vt 0.559001 1.000000
vt 0.571399 1.000000
vt 0.571399 0.904762
vt 0.672009 0.904762
vt 0.672009 1.000000
vt 0.659612 1.000000
vt 0.659612 0.904762
vt 0.670000 0.904762
vt 0.670000 1.000000
vt 0.500000 1.000000
vt 0.500000 0.904762
vt 0.571399 0.904762
vt 0.571399 1.000000
vt 0.583797 1.000000
vt 0.583797 0.904762
vt 0.650000 0.549925
vt 0.759808 0.559001
vt 0.800000 0.571399
vt 0.759808 0.583797
vt 0.650000 0.592872
vt 0.500000 0.596194
vt 0.350000 0.592872
vt 0.240192 0.583797
vt 0.200000 0.571399
vt 0.240192 0.559001
vt 0.350000 0.549925
vt 0.500000 0.546603
vt 1.000000 0.000000
vt 0.000000 0.000000
vt 0.000000 0.952381
vt 1.000000 0.952381
vt 0.583797 0.904762
vt 0.583797 1.000000
vt 0.592872 1.000000
vt 0.592872 0.904762
vt 0.500000 0.904762
vt 0.500000 1.000000
vt 0.330000 1.000000
vt 0.330000 0.904762
vt 0.531155 0.904762
vt 0.531155 1.000000
vt 0.517104 1.000000
vt 0.517104 0.904762
vt 0.350000 0.904762
vt 0.350000 1.000000
vt 0.500000 1.000000
vt 0.500000 0.904762
vt 0.800000 0.571399
vt 0.759808 0.559001
vt 0.650000 0.549925
vt 0.500000 0.546603
vt 0.350000 0.549925
vt 0.240192 0.559001
vt 0.200000 0.571399
vt 0.240192 0.583797
vt 0.350000 0.592872
vt 0.500000 0.596194
vt 0.650000 0.592872
vt 0.759808 0.583797
vt 0.506818 0.904762
vt 0.506818 1.000000
vt 0.517104 1.000000
vt 0.517104 0.904762
vt 0.645816 0.904762
vt 0.645816 1.000000
vt 0.631765 1.000000
vt 0.631765 0.904762
vt 0.605606 0.000000
vt 0.698168 0.000000
vt 0.698168 0.952381
vt 0.605606 0.952381
vt 0.517104 0.904762
vt 0.517104 1.000000
vt 0.531155 1.000000
vt 0.531155 0.904762
vt 0.000000 0.000000
vt 1.000000 0.000000
vt 1.000000 0.952381
vt 0.000000 0.952381
vt 0.000000 0.605606
vt 0.000000 0.698168
vt 1.000000 0.698168
vt 1.000000 0.605606
vt 0.531155 0.904762
vt 0.531155 1.000000
vt 0.545205 1.000000
vt 0.545205 0.904762
vt 0.794449 0.517104
vt 0.840000 0.531155
vt 0.794449 0.545205
vt 0.670000 0.555491
vt 0.500000 0.559256
vt 0.330000 0.555491
vt 0.205551 0.545205
vt 0.160000 0.531155
vt 0.205551 0.517104
vt 0.330000 0.506818
vt 0.500000 0.503053
vt 0.670000 0.506818
vt 0.605606 0.952381
vt 0.698168 0.952381
vt 0.698168 0.000000
vt 0.605606 0.000000
vt 0.545205 0.904762
vt 0.545205 1.000000
vt 0.555491 1.000000
vt 0.555491 0.904762
vt 0.659612 0.904762
vt 0.659612 1.000000
vt 0.650536 1.000000
vt 0.650536 0.904762
vt 0.693483 0.904762
vt 0.693483 1.000000
vt 0.684407 1.000000
vt 0.684407 0.904762
vt 0.330000 0.904762
vt 0.330000 1.000000
vt 0.500000 1.000000
vt 0.500000 0.904762
vt 0.500000 0.503053
vt 0.330000 0.506818
vt 0.205551 0.517104
vt 0.160000 0.531155
vt 0.205551 0.545205
vt 0.330000 0.555491
vt 0.500000 0.559256
vt 0.670000 0.555491
vt 0.794449 0.545205
vt 0.840000 0.531155
vt 0.794449 0.517104
vt 0.670000 0.506818
vt 0.650000 0.904762
vt 0.650000 1.000000
vt 0.500000 1.000000
vt 0.500000 0.904762
vt 0.500000 0.904762
vt 0.500000 1.000000
vt 0.650000 1.000000
vt 0.650000 0.904762
vt 1.000000 0.806828
vt 1.000000 0.899389
vt 0.000000 0.899389
vt 0.000000 0.806828
vt 0.500000 0.904762
vt 0.500000 1.000000
vt 0.350000 1.000000
vt 0.350000 0.904762
vt 0.617714 0.904762
vt 0.617714 1.000000
vt 0.607428 1.000000
vt 0.607428 0.904762
vt 0.756713 0.904762
vt 0.756713 1.000000
vt 0.746427 1.000000
vt 0.746427 0.904762
vt 0.650536 0.904762
vt 0.650536 1.000000
vt 0.659612 1.000000
vt 0.659612 0.904762
vt 0.885628 0.904762
vt 0.885628 1.000000
vt 0.873231 1.000000
vt 0.873231 0.904762
vt 0.500000 0.904762
vt 0.500000 1.000000
vt 0.670000 1.000000
vt 0.670000 0.904762
vt 0.659612 0.904762
vt 0.659612 1.000000
vt 0.672009 1.000000
vt 0.672009 0.904762
vt 0.772620 0.904762
vt 0.772620 1.000000
vt 0.760222 1.000000
vt 0.760222 0.904762
vt 0.670000 0.904762
vt 0.670000 1.000000
vt 0.500000 1.000000
vt 0.500000 0.904762
vt 0.672009 0.904762
vt 0.672009 1.000000
vt 0.684407 1.000000
vt 0.684407 0.904762
vt 0.650000 0.650536
vt 0.759808 0.659612
vt 0.800000 0.672009
vt 0.759808 0.684407
vt 0.650000 0.693483
vt 0.500000 0.696805
vt 0.350000 0.693483
vt 0.240192 0.684407
vt 0.200000 0.672009
vt 0.240192 0.659612
vt 0.350000 0.650536
vt 0.500000 0.647214
vt 1.000000 0.000000
vt 0.000000 0.000000
vt 0.000000 0.952381
vt 1.000000 0.952381
vt 0.684407 0.904762
vt 0.684407 1.000000
vt 0.693483 1.000000
vt 0.693483 0.904762
vt 0.500000 0.904762
vt 0.500000 1.000000
vt 0.330000 1.000000
vt 0.330000 0.904762
vt 0.631765 0.904762
vt 0.631765 1.000000
vt 0.617714 1.000000
vt 0.617714 0.904762
vt 0.350000 0.904762
vt 0.350000 1.000000
vt 0.500000 1.000000
vt 0.500000 0.904762
vt 0.800000 0.672009
vt 0.759808 0.659612
vt 0.650000 0.650536
vt 0.500000 0.647214
vt 0.350000 0.650536
vt 0.240192 0.659612
vt 0.200000 0.672009
vt 0.240192 0.684407
vt 0.350000 0.693483
vt 0.500000 0.696805
vt 0.650000 0.693483
vt 0.759808 0.684407
vt 0.330000 0.904762
vt 0.330000 1.000000
vt 0.205551 1.000000
vt 0.205551 0.904762
vt 0.746427 0.904762
vt 0.746427 1.000000
vt 0.732376 1.000000
vt 0.732376 0.904762
vt 0.706217 0.000000
vt 0.798779 0.000000
vt 0.798779 0.952381
vt 0.706217 0.952381
vt 0.617714 0.904762
vt 0.617714 1.000000
vt 0.631765 1.000000
vt 0.631765 0.904762
vt 0.000000 0.000000
vt 1.000000 0.000000
vt 1.000000 0.952381
vt 0.000000 0.952381
vt 0.000000 0.706217
vt 0.000000 0.798779
vt 1.000000 0.798779
vt 1.000000 0.706217
vt 0.631765 0.904762
vt 0.631765 1.000000
vt 0.645816 1.000000
vt 0.645816 0.904762
vt 0.794449 0.617714
vt 0.840000 0.631765
vt 0.794449 0.645816
vt 0.670000 0.656102
vt 0.500000 0.659867
vt 0.330000 0.656102
vt 0.205551 0.645816
vt 0.160000 0.631765
vt 0.205551 0.617714
vt 0.330000 0.607428
vt 0.500000 0.603664
vt 0.670000 0.607428
vt 0.706217 0.952381
vt 0.798779 0.952381
vt 0.798779 0.000000
vt 0.706217 0.000000
vt 0.205551 0.904762
vt 0.205551 1.000000
vt 0.330000 1.000000
vt 0.330000 0.904762
vt 0.760222 0.904762
vt 0.760222 1.000000
vt 0.751146 1.000000
vt 0.751146 0.904762
vt 0.794094 0.904762
vt 0.794094 1.000000
vt 0.785018 1.000000
vt 0.785018 0.904762
vt 0.330000 0.904762
vt 0.330000 1.000000
vt 0.500000 1.000000
vt 0.500000 0.904762
vt 0.500000 0.603664
vt 0.330000 0.607428
vt 0.205551 0.617714
vt 0.160000 0.631765
vt 0.205551 0.645816
vt 0.330000 0.656102
vt 0.500000 0.659867
vt 0.670000 0.656102
vt 0.794449 0.645816
vt 0.840000 0.631765
vt 0.794449 0.617714
vt 0.670000 0.607428
vt 0.650000 0.904762
vt 0.650000 1.000000
vt 0.500000 1.000000
vt 0.500000 0.904762
vt 0.500000 0.904761
vt 0.500000 1.000000
vt 0.650000 1.000000
vt 0.650000 0.904762
vt 1.000000 0.907438
vt 1.000000 1.000000
vt 0.000000 1.000000
vt 0.000000 0.907438
vt 0.500000 0.904762
vt 0.500000 1.000000
vt 0.350000 1.000000
vt 0.350000 0.904762
vt 0.718325 0.904762
vt 0.718325 1.000000
vt 0.708039 1.000000
vt 0.708039 0.904762
vt 0.857323 0.904762
vt 0.857323 1.000000
vt 0.847037 1.000000
vt 0.847037 0.904762
vt 0.751146 0.904762
vt 0.751146 1.000000
vt 0.760222 1.000000
vt 0.760222 0.904762
vt 0.986239 0.904762
vt 0.986239 1.000000
vt 0.973841 1.000000
vt 0.973841 0.904762
vt 0.500000 0.904762
vt 0.500000 1.000000
vt 0.670000 1.000000
vt 0.670000 0.904762
vt 0.760222 0.904762
vt 0.760222 1.000000
vt 0.772620 1.000000
vt 0.772620 0.904762
vt 0.873231 0.904762
vt 0.873231 1.000000
vt 0.860833 1.000000
vt 0.860833 0.904762
vt 0.670000 0.904762
vt 0.670000 1.000000
vt 0.500000 1.000000
vt 0.500000 0.904762
vt 0.772620 0.904762
vt 0.772620 1.000000
vt 0.785018 1.000000
vt 0.785018 0.904762
vt 0.650000 0.751146
vt 0.759808 0.760222
vt 0.800000 0.772620
vt 0.759808 0.785018
vt 0.650000 0.794094
vt 0.500000 0.797416
vt 0.350000 0.794094
vt 0.240192 0.785018
vt 0.200000 0.772620
vt 0.240192 0.760222
vt 0.350000 0.751146
vt 0.500000 0.747824
vt 1.000000 0.000000
vt 0.000000 0.000000
vt 0.000000 0.952381
vt 1.000000 0.952381
vt 0.785018 0.904762
vt 0.785018 1.000000
vt 0.794094 1.000000
vt 0.794094 0.904762
vt 0.500000 0.904762
vt 0.500000 1.000000
vt 0.330000 1.000000
vt 0.330000 0.904762
vt 0.732376 0.904762
vt 0.732376 1.000000
vt 0.718325 1.000000
vt 0.718325 0.904762
vt 0.350000 0.904762
vt 0.350000 1.000000
vt 0.500000 1.000000
vt 0.500000 0.904762
vt 0.800000 0.772620
vt 0.759808 0.760222
vt 0.650000 0.751146
vt 0.500000 0.747824
vt 0.350000 0.751146
vt 0.240192 0.760222
vt 0.200000 0.772620
vt 0.240192 0.785018
vt 0.350000 0.794094
vt 0.500000 0.797416
vt 0.650000 0.794094
vt 0.759808 0.785018
vt 0.708039 0.904762
vt 0.708039 1.000000
vt 0.718325 1.000000
vt 0.718325 0.904762
vt 0.847037 0.904762
vt 0.847037 1.000000
vt 0.832986 1.000000
vt 0.832986 0.904762
vt 0.806828 0.000000
vt 0.899389 0.000000
vt 0.899389 0.952381
vt 0.806828 0.952381
vt 0.718325 0.904762
vt 0.718325 1.000000
vt 0.732376 1.000000
vt 0.732376 0.904762
vt 0.000000 0.000000
vt 1.000000 0.000000
vt 1.000000 0.952381
vt 0.000000 0.952381
vt 0.000000 0.806828
vt 0.000000 0.899389
vt 1.000000 0.899389
vt 1.000000 0.806828
vt 0.732376 0.904762
vt 0.732376 1.000000
vt 0.746427 1.000000
vt 0.746427 0.904762
vt 0.794449 0.718325
vt 0.840000 0.732376
vt 0.794449 0.746427
vt 0.670000 0.756713
vt 0.500000 0.760477
vt 0.330000 0.756713
vt 0.205551 0.746427
vt 0.160000 0.732376
vt 0.205551 0.718325
vt 0.330000 0.708039
vt 0.500000 0.704274
vt 0.670000 0.708039
vt 0.806828 0.952381
vt 0.899389 0.952381
vt 0.899389 0.000000
vt 0.806828 0.000000
vt 0.746427 0.904762
vt 0.746427 1.000000
vt 0.756713 1.000000
vt 0.756713 0.904762
vt 0.860833 0.904762
vt 0.860833 1.000000
vt 0.851757 1.000000
vt 0.851757 0.904762
vt 0.894704 0.904762
vt 0.894704 1.000000
vt 0.885628 1.000000
vt 0.885628 0.904762
vt 0.330000 0.904762
vt 0.330000 1.000000
vt 0.500000 1.000000
vt 0.500000 0.904762
vt 0.500000 0.704274
vt 0.330000 0.708039
vt 0.205551 0.718325
vt 0.160000 0.732376
vt 0.205551 0.746427
vt 0.330000 0.756713
vt 0.500000 0.760477
vt 0.670000 0.756713
vt 0.794449 0.746427
vt 0.840000 0.732376
vt 0.794449 0.718325
vt 0.670000 0.708039
vt 0.650000 0.904762
vt 0.650000 1.000000
vt 0.500000 1.000000
vt 0.500000 0.904762
vt 0.500000 0.904762
vt 0.500000 1.000000
vt 0.350000 1.000000
vt 0.350000 0.904762
vt 0.818936 0.904762
vt 0.818936 1.000000
vt 0.808650 1.000000
vt 0.808650 0.904762
vt 0.670000 0.904762
vt 0.670000 1.000000
vt 0.794449 1.000000
vt 0.794449 0.904762
vt 0.851757 0.904762
vt 0.851757 1.000000
vt 0.860833 1.000000
vt 0.860833 0.904762
vt 0.500000 0.904762
vt 0.500000 1.000000
vt 0.670000 1.000000
vt 0.670000 0.904762
vt 0.860833 0.904762
vt 0.860833 1.000000
vt 0.873231 1.000000
vt 0.873231 0.904762
vt 0.973841 0.904762
vt 0.973841 1.000000
vt 0.961443 1.000000
vt 0.961443 0.904762
vt 0.873231 0.904762
vt 0.873231 1.000000
vt 0.885628 1.000000
vt 0.885628 0.904762
vt 0.650000 0.851757
vt 0.759808 0.860833
vt 0.800000 0.873231
vt 0.759808 0.885628
vt 0.650000 0.894704
vt 0.500000 0.898026
vt 0.350000 0.894704
vt 0.240192 0.885628
vt 0.200000 0.873231
vt 0.240192 0.860833
vt 0.350000 0.851757
vt 0.500000 0.848435
vt 0.885628 0.904762
vt 0.885628 1.000000
vt 0.894704 1.000000
vt 0.894704 0.904762
vt 0.500000 0.904762
vt 0.500000 1.000000
vt 0.330000 1.000000
vt 0.330000 0.904762
vt 0.832986 0.904762
vt 0.832986 1.000000
vt 0.818936 1.000000
vt 0.818936 0.904762
vt 0.350000 0.904762
vt 0.350000 1.000000
vt 0.500000 1.000000
vt 0.500000 0.904762
vt 0.800000 0.873231
vt 0.759808 0.860833
vt 0.650000 0.851757
vt 0.500000 0.848435
vt 0.350000 0.851757
vt 0.240192 0.860833
vt 0.200000 0.873231
vt 0.240192 0.885628
vt 0.350000 0.894704
vt 0.500000 0.898026
vt 0.650000 0.894704
vt 0.759808 0.885628
vt 0.808650 0.904762
vt 0.808650 1.000000
vt 0.818936 1.000000
vt 0.818936 0.904762
vt 0.947648 0.904762
vt 0.947648 1.000000
vt 0.933597 1.000000
vt 0.933597 0.904762
vt 0.907438 0.000000
vt 1.000000 0.000000
vt 1.000000 0.952381
vt 0.907438 0.952381
vt 0.818936 0.904762
vt 0.818936 1.000000
vt 0.832986 1.000000
vt 0.832986 0.904762
vt 0.000000 0.907438
vt 0.000000 1.000000
vt 1.000000 1.000000
vt 1.000000 0.907438
vt 0.832986 0.904762
vt 0.832986 1.000000
vt 0.847037 1.000000
vt 0.847037 0.904762
vt 0.794449 0.818936
vt 0.840000 0.832986
vt 0.794449 0.847037
vt 0.670000 0.857323
vt 0.500000 0.861088
vt 0.330000 0.857323
vt 0.205551 0.847037
vt 0.160000 0.832986
vt 0.205551 0.818936
vt 0.330000 0.808650
vt 0.500000 0.804885
vt 0.670000 0.808650
vt 0.907438 0.952381
vt 1.000000 0.952381
vt 1.000000 0.000000
vt 0.907438 0.000000
vt 0.847037 0.904762
vt 0.847037 1.000000
vt 0.857323 1.000000
vt 0.857323 0.904762
vt 0.961443 0.904762
vt 0.961443 1.000000
vt 0.952368 1.000000
vt 0.952368 0.904762
vt 0.650000 0.904762
vt 0.650000 1.000000
vt 0.759808 1.000000
vt 0.759808 0.904762
vt 0.330000 0.904762
vt 0.330000 1.000000
vt 0.500000 1.000000
vt 0.500000 0.904762
vt 0.500000 0.804885
vt 0.330000 0.808650
vt 0.205551 0.818936
vt 0.160000 0.832986
vt 0.205551 0.847037
vt 0.330000 0.857323
vt 0.500000 0.861088
vt 0.670000 0.857323
vt 0.794449 0.847037
vt 0.840000 0.832986
vt 0.794449 0.818936
vt 0.670000 0.808650
vt 0.650000 0.904762
vt 0.650000 1.000000
vt 0.500000 1.000000
vt 0.500000 0.904762
vt 0.500000 0.904762
vt 0.500000 1.000000
vt 0.350000 1.000000
vt 0.350000 0.904762
vt 0.794449 0.904762
vt 0.794449 1.000000
vt 0.670000 1.000000
vt 0.670000 0.904762
vt 0.952368 0.904762
vt 0.952368 1.000000
vt 0.961443 1.000000
vt 0.961443 0.904762
vt 0.500000 0.904762
vt 0.500000 1.000000
vt 0.670000 1.000000
vt 0.670000 0.904762
vt 0.961443 0.904762
vt 0.961443 1.000000
vt 0.973841 1.000000
vt 0.973841 0.904762
vt 0.973841 0.904762
vt 0.973841 1.000000
vt 0.986239 1.000000
vt 0.986239 0.904762
vt 0.650000 0.952368
vt 0.759808 0.961443
vt 0.800000 0.973841
vt 0.759808 0.986239
vt 0.650000 0.995315
vt 0.500000 0.998637
vt 0.350000 0.995315
vt 0.240192 0.986239
vt 0.200000 0.973841
vt 0.240192 0.961443
vt 0.350000 0.952368
vt 0.500000 0.949046
vt 0.240192 0.904762
vt 0.240192 1.000000
vt 0.350000 1.000000
vt 0.350000 0.904762
vt 0.500000 0.904762
vt 0.500000 1.000000
vt 0.330000 1.000000
vt 0.330000 0.904762
vt 0.933597 0.904762
vt 0.933597 1.000000
vt 0.919546 1.000000
vt 0.919546 0.904762
vt 0.350000 0.904762
vt 0.350000 1.000000
vt 0.500000 1.000000
vt 0.500000 0.904761
vt 0.800000 0.973841
vt 0.759808 0.961443
vt 0.650000 0.952368
vt 0.500000 0.949046
vt 0.350000 0.952368
vt 0.240192 0.961443
vt 0.200000 0.973841
vt 0.240192 0.986239
vt 0.350000 0.995315
vt 0.500000 0.998637
vt 0.650000 0.995315
vt 0.759808 0.986239
vt 0.330000 0.904762
vt 0.330000 1.000000
vt 0.205551 1.000000
vt 0.205551 0.904762
vt 0.919546 0.904762
vt 0.919546 1.000000
vt 0.933597 1.000000
vt 0.933597 0.904762
vt 0.933597 0.904762
vt 0.933597 1.000000
vt 0.947648 1.000000
vt 0.947648 0.904762
vt 0.794449 0.919546
vt 0.840000 0.933597
vt 0.794449 0.947648
vt 0.670000 0.957934
vt 0.500000 0.961699
vt 0.330000 0.957934
vt 0.205551 0.947648
vt 0.160000 0.933597
vt 0.205551 0.919546
vt 0.330000 0.909260
vt 0.500000 0.905495
vt 0.670000 0.909260
vt 0.205551 0.904762
vt 0.205551 1.000000
vt 0.330000 1.000000
vt 0.330000 0.904762
vt 0.330000 0.904762
vt 0.330000 1.000000
vt 0.500000 1.000000
vt 0.500000 0.904762
vt 0.500000 0.905495
vt 0.330000 0.909260
vt 0.205551 0.919546
vt 0.160000 0.933597
vt 0.205551 0.947648
vt 0.330000 0.957934
vt 0.500000 0.961699
vt 0.670000 0.957934
vt 0.794449 0.947648
vt 0.840000 0.933597
vt 0.794449 0.919546
vt 0.670000 0.909260
vn -1.000000 0.000000 0.000000
vn -1.000000 0.000000 0.000000
vn -1.000000 0.000000 0.000000
vn -1.000000 0.000000 0.000000
vn -0.000000 0.000000 -1.000000
vn -0.000000 0.000000 -1.000000
vn -0.000000 0.000000 -1.000000
vn -0.000000 0.000000 -1.000000
vn 1.000000 0.000000 0.000000
vn 1.000000 0.000000 0.000000
vn 1.000000 0.000000 0.000000
vn 1.000000 0.000000 0.000000
vn -0.000000 0.000000 1.000000
vn -0.000000 0.000000 1.000000
vn -0.000000 0.000000 1.000000
vn -0.000000 0.000000 1.000000
vn 0.000000 -1.000000 -0.000000
vn 0.000000 -1.000000 -0.000000
vn 0.000000 -1.000000 -0.000000
vn 0.000000 -1.000000 -0.000000
vn 0.000000 1.000000 0.000000
vn 0.000000 1.000000 0.000000
vn 0.000000 1.000000 0.000000
vn 0.000000 1.000000 0.000000
vn 0.965926 0.258818 0.000000
vn 0.965926 0.258818 0.000000
vn 0.965926 0.258818 0.000000
vn 0.965926 0.258818 0.000000
vn 0.965926 0.258819 0.000000
vn 0.965926 0.258819 0.000000
vn 0.965926 0.258819 0.000000
vn 0.965926 0.258819 0.000000
vn 0.258821 0.965925 0.000000
vn 0.258821 0.965925 0.000000
vn 0.258821 0.965925 0.000000
vn 0.258821 0.965925 0.000000
vn -0.000000 0.000000 1.000000
vn -0.000000 0.000000 1.000000
vn -0.000000 0.000000 1.000000
vn -0.000000 0.000000 1.000000
vn 0.258816 -0.965927 0.000000
vn 0.258816 -0.965927 0.000000
vn 0.258816 -0.965927 0.000000
vn 0.258816 -0.965927 0.000000
vn 0.707107 0.707107 0.000000
vn 0.707107 0.707107 0.000000
vn 0.707107 0.707107 0.000000
vn 0.707107 0.707107 0.000000
vn 0.000000 -1.000000 -0.000000
vn 0.000000 -1.000000 -0.000000
vn 0.000000 -1.000000 -0.000000
vn 0.000000 -1.000000 -0.000000
vn 0.965926 0.258819 0.000000
vn 0.965926 0.258819 0.000000
vn 0.965926 0.258819 0.000000
vn 0.965926 0.258819 0.000000
vn 0.965926 0.258818 0.000000
vn 0.965926 0.258818 0.000000
vn 0.965926 0.258818 0.000000
vn 0.965926 0.258818 0.000000
vn 0.258818 0.965926 0.000000
vn 0.258818 0.965926 0.000000
vn 0.258818 0.965926 0.000000
vn 0.258818 0.965926 0.000000
vn 0.258815 0.965927 0.000000
vn 0.258815 0.965927 0.000000
vn 0.258815 0.965927 0.000000
vn 0.258815 0.965927 0.000000
vn 0.965926 -0.258820 0.000000
vn 0.965926 -0.258820 0.000000
vn 0.965926 -0.258820 0.000000
vn 0.965926 -0.258820 0.000000
vn 0.258821 -0.965925 0.000000
vn 0.258821 -0.965925 0.000000
vn 0.258821 -0.965925 0.000000
vn 0.258821 -0.965925 0.000000
vn 0.258821 -0.965925 0.000000
vn 0.258821 -0.965925 0.000000
vn 0.258821 -0.965925 0.000000
vn 0.258821 -0.965925 0.000000
vn 0.707107 -0.707107 0.000000
vn 0.707107 -0.707107 0.000000
vn 0.707107 -0.707107 0.000000
vn 0.707107 -0.707107 0.000000
vn 0.000000 1.000000 0.000000
vn 0.000000 1.000000 0.000000
vn 0.000000 1.000000 0.000000
vn 0.000000 1.000000 0.000000
vn 0.707106 0.707107 0.000000
vn 0.707106 0.707107 0.000000
vn 0.707106 0.707107 0.000000
vn 0.707106 0.707107 0.000000
vn 0.258821 -0.965925 0.000000
vn 0.258821 -0.965925 0.000000
vn 0.258821 -0.965925 0.000000
vn 0.258821 -0.965925 0.000000
vn 0.258819 -0.965926 0.000000
vn 0.258819 -0.965926 0.000000
vn 0.258819 -0.965926 0.000000
vn 0.258819 -0.965926 0.000000
vn 0.965926 -0.258819 0.000000
vn 0.965926 -0.258819 0.000000
vn 0.965926 -0.258819 0.000000
vn 0.965926 -0.258819 0.000000
vn -0.258821 -0.965925 0.000000
vn -0.258821 -0.965925 0.000000
vn -0.258821 -0.965925 0.000000
vn -0.258821 -0.965925 0.000000
vn 0.707106 -0.707107 0.000000
vn 0.707106 -0.707107 0.000000
vn 0.707106 -0.707107 0.000000
vn 0.707106 -0.707107 0.000000
vn 0.000000 1.000000 0.000000
vn 0.000000 1.000000 0.000000
vn 0.000000 1.000000 0.000000
vn 0.000000 1.000000 0.000000
vn -0.707107 -0.707107 0.000000
vn -0.707107 -0.707107 0.000000
vn -0.707107 -0.707107 0.000000
vn -0.707107 -0.707107 0.000000
vn -0.000000 0.000000 1.000000
vn -0.000000 0.000000 1.000000
vn -0.000000 0.000000 1.000000
vn -0.000000 0.000000 1.000000
vn 0.258816 0.965927 0.000000
vn 0.258816 0.965927 0.000000
vn 0.258816 0.965927 0.000000
vn 0.258816 0.965927 0.000000
vn -0.965926 -0.258820 0.000000
vn -0.965926 -0.258820 0.000000
vn -0.965926 -0.258820 0.000000
vn -0.965926 -0.258820 0.000000
vn 0.965926 -0.258818 0.000000
vn 0.965926 -0.258818 0.000000
vn 0.965926 -0.258818 0.000000
vn 0.965926 -0.258818 0.000000
vn -0.258821 -0.965925 0.000000
vn -0.258821 -0.965925 0.000000
vn -0.258821 -0.965925 0.000000
vn -0.258821 -0.965925 0.000000
vn -0.965926 0.258818 0.000000
vn -0.965926 0.258818 0.000000
vn -0.965926 0.258818 0.000000
vn -0.965926 0.258818 0.000000
vn 0.000000 0.000000 1.000000
vn 0.000000 0.000000 1.000000
vn 0.000000 0.000000 1.000000
vn 0.000000 0.000000 1.000000
vn 0.000000 0.000000 1.000000
vn 0.000000 0.000000 1.000000
vn 0.000000 0.000000 1.000000
vn 0.000000 0.000000 1.000000
vn 0.000000 0.000000 1.000000
vn 0.000000 0.000000 1.000000
vn 0.000000 0.000000 1.000000
vn 0.000000 0.000000 1.000000
vn 0.707106 0.707107 0.000000
vn 0.707106 0.707107 0.000000
vn 0.707106 0.707107 0.000000
vn 0.707106 0.707107 0.000000
vn -0.707107 0.707107 0.000000
vn -0.707107 0.707107 0.000000
vn -0.707107 0.707107 0.000000
vn -0.707107 0.707107 0.000000
vn -0.258821 -0.965925 0.000000
vn -0.258821 -0.965925 0.000000
vn -0.258821 -0.965925 0.000000
vn -0.258821 -0.965925 0.000000
vn 0.965926 -0.258819 0.000000
vn 0.965926 -0.258819 0.000000
vn 0.965926 -0.258819 0.000000
vn 0.965926 -0.258819 0.000000
vn -0.258821 0.965925 0.000000
vn -0.258821 0.965925 0.000000
vn -0.258821 0.965925 0.000000
vn -0.258821 0.965925 0.000000
vn -0.000000 -0.000000 -1.000000
vn -0.000000 -0.000000 -1.000000
vn -0.000000 -0.000000 -1.000000
vn -0.000000 -0.000000 -1.000000
vn -0.000000 -0.000000 -1.000000
vn -0.000000 -0.000000 -1.000000
vn -0.000000 -0.000000 -1.000000
vn -0.000000 -0.000000 -1.000000
vn -0.000000 -0.000000 -1.000000
vn -0.000000 -0.000000 -1.000000
vn -0.000000 -0.000000 -1.000000
vn -0.000000 -0.000000 -1.000000
vn -0.707106 -0.707108 0.000000
vn -0.707106 -0.707108 0.000000
vn -0.707106 -0.707108 0.000000
vn -0.707106 -0.707108 0.000000
vn 0.000000 -1.000000 -0.000000
vn 0.000000 -1.000000 -0.000000
vn 0.000000 -1.000000 -0.000000
vn 0.000000 -1.000000 -0.000000
vn 1.000000 0.000000 0.000000
vn 1.000000 0.000000 0.000000
vn 1.000000 0.000000 0.000000
vn 1.000000 0.000000 0.000000
vn -0.965926 -0.258819 0.000000
vn -0.965926 -0.258819 0.000000
vn -0.965926 -0.258819 0.000000
vn -0.965926 -0.258819 0.000000
vn 0.965926 0.258819 0.000000
vn 0.965926 0.258819 0.000000
vn 0.965926 0.258819 0.000000
vn 0.965926 0.258819 0.000000
vn -0.000000 0.000000 -1.000000
vn -0.000000 0.000000 -1.000000
vn -0.000000 0.000000 -1.000000
vn -0.000000 0.000000 -1.000000
vn -0.965926 0.258819 0.000000
vn -0.965926 0.258819 0.000000
vn -0.965926 0.258819 0.000000
vn -0.965926 0.258819 0.000000
vn 0.000000 0.000000 1.000000
vn 0.000000 0.000000 1.000000
vn 0.000000 0.000000 1.000000
vn 0.000000 0.000000 1.000000
vn 0.000000 0.000000 1.000000
vn 0.000000 0.000000 1.000000
vn 0.000000 0.000000 1.000000
vn 0.000000 0.000000 1.000000
vn 0.000000 0.000000 1.000000
vn 0.000000 0.000000 1.000000
vn 0.000000 0.000000 1.000000
vn 0.000000 0.000000 1.000000
vn -1.000000 0.000000 0.000000
vn -1.000000 0.000000 0.000000
vn -1.000000 0.000000 0.000000
vn -1.000000 0.000000 0.000000
vn -0.707106 0.707108 0.000000
vn -0.707106 0.707108 0.000000
vn -0.707106 0.707108 0.000000
vn -0.707106 0.707108 0.000000
vn 0.707107 -0.707107 0.000000
vn 0.707107 -0.707107 0.000000
vn 0.707107 -0.707107 0.000000
vn 0.707107 -0.707107 0.000000
vn 0.707107 0.707107 0.000000
vn 0.707107 0.707107 0.000000
vn 0.707107 0.707107 0.000000
vn 0.707107 0.707107 0.000000
vn -0.258816 0.965927 0.000000
vn -0.258816 0.965927 0.000000
vn -0.258816 0.965927 0.000000
vn -0.258816 0.965927 0.000000
vn -0.000000 0.000000 -1.000000
vn -0.000000 0.000000 -1.000000
vn -0.000000 0.000000 -1.000000
vn -0.000000 0.000000 -1.000000
vn -0.000000 0.000000 -1.000000
vn -0.000000 0.000000 -1.000000
vn -0.000000 0.000000 -1.000000
vn -0.000000 0.000000 -1.000000
vn -0.000000 0.000000 -1.000000
vn -0.000000 0.000000 -1.000000
vn -0.000000 0.000000 -1.000000
vn -0.000000 0.000000 -1.000000
vn 0.258815 -0.965927 0.000000
vn 0.258815 -0.965927 0.000000
vn 0.258815 -0.965927 0.000000
vn 0.258815 -0.965927 0.000000
vn 0.965926 -0.258820 0.000000
vn 0.965926 -0.258820 0.000000
vn 0.965926 -0.258820 0.000000
vn 0.965926 -0.258820 0.000000
vn 0.000000 -1.000000 -0.000000
vn 0.000000 -1.000000 -0.000000
vn 0.000000 -1.000000 -0.000000
vn 0.000000 -1.000000 -0.000000
vn -0.258815 -0.965927 0.000000
vn -0.258815 -0.965927 0.000000
vn -0.258815 -0.965927 0.000000
vn -0.258815 -0.965927 0.000000
vn 0.707106 -0.707107 0.000000
vn 0.707106 -0.707107 0.000000
vn 0.707106 -0.707107 0.000000
vn 0.707106 -0.707107 0.000000
vn -0.707107 -0.707107 0.000000
vn -0.707107 -0.707107 0.000000
vn -0.707107 -0.707107 0.000000
vn -0.707107 -0.707107 0.000000
vn 0.258816 0.965927 0.000000
vn 0.258816 0.965927 0.000000
vn 0.258816 0.965927 0.000000
vn 0.258816 0.965927 0.000000
vn -0.965926 -0.258818 0.000000
vn -0.965926 -0.258818 0.000000
vn -0.965926 -0.258818 0.000000
vn -0.965926 -0.258818 0.000000
vn -0.258816 -0.965927 0.000000
vn -0.258816 -0.965927 0.000000
vn -0.258816 -0.965927 0.000000
vn -0.258816 -0.965927 0.000000
vn 0.965926 -0.258818 0.000000
vn 0.965926 -0.258818 0.000000
vn 0.965926 -0.258818 0.000000
vn 0.965926 -0.258818 0.000000
vn -0.965926 0.258818 0.000000
vn -0.965926 0.258818 0.000000
vn -0.965926 0.258818 0.000000
vn -0.965926 0.258818 0.000000
vn 0.707109 0.707105 0.000000
vn 0.707109 0.707105 0.000000
vn 0.707109 0.707105 0.000000
vn 0.707109 0.707105 0.000000
vn 0.000000 -0.000000 -1.000000
vn 0.000000 -0.000000 -1.000000
vn 0.000000 -0.000000 -1.000000
vn 0.000000 -0.000000 -1.000000
vn 0.000000 -0.000000 -1.000000
vn 0.000000 -0.000000 -1.000000
vn 0.000000 -0.000000 -1.000000
vn 0.000000 -0.000000 -1.000000
vn 0.000000 -0.000000 -1.000000
vn 0.000000 -0.000000 -1.000000
vn 0.000000 -0.000000 -1.000000
vn 0.000000 -0.000000 -1.000000
vn -0.707107 0.707107 0.000000
vn -0.707107 0.707107 0.000000
vn -0.707107 0.707107 0.000000
vn -0.707107 0.707107 0.000000
vn 0.258818 0.965926 0.000000
vn 0.258818 0.965926 0.000000
vn 0.258818 0.965926 0.000000
vn 0.258818 0.965926 0.000000
vn 0.000000 0.000000 1.000000
vn 0.000000 0.000000 1.000000
vn 0.000000 0.000000 1.000000
vn 0.000000 0.000000 1.000000
vn -0.258815 0.965927 0.000000
vn -0.258815 0.965927 0.000000
vn -0.258815 0.965927 0.000000
vn -0.258815 0.965927 0.000000
vn 0.000000 0.000000 1.000000
vn 0.000000 0.000000 1.000000
vn 0.000000 0.000000 1.000000
vn 0.000000 0.000000 1.000000
vn 0.000000 0.000000 1.000000
vn 0.000000 0.000000 1.000000
vn 0.000000 0.000000 1.000000
vn 0.000000 0.000000 1.000000
vn 0.000000 0.000000 1.000000
vn 0.000000 0.000000 1.000000
vn 0.000000 0.000000 1.000000
vn 0.000000 0.000000 1.000000
vn -0.707106 -0.707108 0.000000
vn -0.707106 -0.707108 0.000000
vn -0.707106 -0.707108 0.000000
vn -0.707106 -0.707108 0.000000
vn 0.258821 0.965925 0.000000
vn 0.258821 0.965925 0.000000
vn 0.258821 0.965925 0.000000
vn 0.258821 0.965925 0.000000
vn 1.000000 0.000000 0.000000
vn 1.000000 0.000000 0.000000
vn 1.000000 0.000000 0.000000
vn 1.000000 0.000000 0.000000
vn -0.965926 -0.258819 0.000000
vn -0.965926 -0.258819 0.000000
vn -0.965926 -0.258819 0.000000
vn -0.965926 -0.258819 0.000000
vn 0.965926 0.258819 0.000000
vn 0.965926 0.258819 0.000000
vn 0.965926 0.258819 0.000000
vn 0.965926 0.258819 0.000000
vn 0.000000 -0.000000 -1.000000
vn 0.000000 -0.000000 -1.000000
vn 0.000000 -0.000000 -1.000000
vn 0.000000 -0.000000 -1.000000
vn -0.965926 0.258819 0.000000
vn -0.965926 0.258819 0.000000
vn -0.965926 0.258819 0.000000
vn -0.965926 0.258819 0.000000
vn 0.000000 0.000000 1.000000
vn 0.000000 0.000000 1.000000
vn 0.000000 0.000000 1.000000
vn 0.000000 0.000000 1.000000
vn 0.000000 0.000000 1.000000
vn 0.000000 0.000000 1.000000
vn 0.000000 0.000000 1.000000
vn 0.000000 0.000000 1.000000
vn 0.000000 0.000000 1.000000
vn 0.000000 0.000000 1.000000
vn 0.000000 0.000000 1.000000
vn 0.000000 0.000000 1.000000
vn -1.000000 0.000000 0.000000
vn -1.000000 0.000000 0.000000
vn -1.000000 0.000000 0.000000
vn -1.000000 0.000000 0.000000
vn -0.707106 0.707108 0.000000
vn -0.707106 0.707108 0.000000
vn -0.707106 0.707108 0.000000
vn -0.707106 0.707108 0.000000
vn 0.707107 -0.707107 0.000000
vn 0.707107 -0.707107 0.000000
vn 0.707107 -0.707107 0.000000
vn 0.707107 -0.707107 0.000000
vn 0.707107 0.707107 0.000000
vn 0.707107 0.707107 0.000000
vn 0.707107 0.707107 0.000000
vn 0.707107 0.707107 0.000000
vn -0.258816 0.965927 0.000000
vn -0.258816 0.965927 0.000000
vn -0.258816 0.965927 0.000000
vn -0.258816 0.965927 0.000000
vn -0.000000 -0.000000 -1.000000
vn -0.000000 -0.000000 -1.000000
vn -0.000000 -0.000000 -1.000000
vn -0.000000 -0.000000 -1.000000
vn -0.000000 -0.000000 -1.000000
vn -0.000000 -0.000000 -1.000000
vn -0.000000 -0.000000 -1.000000
vn -0.000000 -0.000000 -1.000000
vn -0.000000 -0.000000 -1.000000
vn -0.000000 -0.000000 -1.000000
vn -0.000000 -0.000000 -1.000000
vn -0.000000 -0.000000 -1.000000
vn 0.258815 -0.965927 0.000000
vn 0.258815 -0.965927 0.000000
vn 0.258815 -0.965927 0.000000
vn 0.258815 -0.965927 0.000000
vn 0.707107 -0.707107 0.000000
vn 0.707107 -0.707107 0.000000
vn 0.707107 -0.707107 0.000000
vn 0.707107 -0.707107 0.000000
vn 0.000000 1.000000 0.000000
vn 0.000000 1.000000 0.000000
vn 0.000000 1.000000 0.000000
vn 0.000000 1.000000 0.000000
vn -0.258815 -0.965927 0.000000
vn -0.258815 -0.965927 0.000000
vn -0.258815 -0.965927 0.000000
vn -0.258815 -0.965927 0.000000
vn 0.707107 0.707107 0.000000
vn 0.707107 0.707107 0.000000
vn 0.707107 0.707107 0.000000
vn 0.707107 0.707107 0.000000
vn 0.707109 -0.707105 0.000000
vn 0.707109 -0.707105 0.000000
vn 0.707109 -0.707105 0.000000
vn 0.707109 -0.707105 0.000000
vn -0.707107 -0.707107 0.000000
vn -0.707107 -0.707107 0.000000
vn -0.707107 -0.707107 0.000000
vn -0.707107 -0.707107 0.000000
vn 0.258816 0.965927 0.000000
vn 0.258816 0.965927 0.000000
vn 0.258816 0.965927 0.000000
vn 0.258816 0.965927 0.000000
vn 0.965926 -0.258819 0.000000
vn 0.965926 -0.258819 0.000000
vn 0.965926 -0.258819 0.000000
vn 0.965926 -0.258819 0.000000
vn -0.965926 -0.258818 0.000000
vn -0.965926 -0.258818 0.000000
vn -0.965926 -0.258818 0.000000
vn -0.965926 -0.258818 0.000000
vn 0.707107 0.707106 0.000000
vn 0.707107 0.707106 0.000000
vn 0.707107 0.707106 0.000000
vn 0.707107 0.707106 0.000000
vn -0.965926 0.258819 0.000000
vn -0.965926 0.258819 0.000000
vn -0.965926 0.258819 0.000000
vn -0.965926 0.258819 0.000000
vn -0.258819 -0.965926 0.000000
vn -0.258819 -0.965926 0.000000
vn -0.258819 -0.965926 0.000000
vn -0.258819 -0.965926 0.000000
vn 0.000000 0.000000 -1.000000
vn 0.000000 0.000000 -1.000000
vn 0.000000 0.000000 -1.000000
vn 0.000000 0.000000 -1.000000
vn 0.000000 0.000000 -1.000000
vn 0.000000 0.000000 -1.000000
vn 0.000000 0.000000 -1.000000
vn 0.000000 0.000000 -1.000000
vn 0.000000 0.000000 -1.000000
vn 0.000000 0.000000 -1.000000
vn 0.000000 0.000000 -1.000000
vn 0.000000 0.000000 -1.000000
vn -0.707107 0.707107 0.000000
vn -0.707107 0.707107 0.000000
vn -0.707107 0.707107 0.000000
vn -0.707107 0.707107 0.000000
vn 0.965926 0.258819 0.000000
vn 0.965926 0.258819 0.000000
vn 0.965926 0.258819 0.000000
vn 0.965926 0.258819 0.000000
vn 0.965926 0.258818 0.000000
vn 0.965926 0.258818 0.000000
vn 0.965926 0.258818 0.000000
vn 0.965926 0.258818 0.000000
vn -0.258818 0.965926 0.000000
vn -0.258818 0.965926 0.000000
vn -0.258818 0.965926 0.000000
vn -0.258818 0.965926 0.000000
vn 0.000000 0.000000 1.000000
vn 0.000000 0.000000 1.000000
vn 0.000000 0.000000 1.000000
vn 0.000000 0.000000 1.000000
vn 0.000000 0.000000 1.000000
vn 0.000000 0.000000 1.000000
vn 0.000000 0.000000 1.000000
vn 0.000000 0.000000 1.000000
vn 0.000000 0.000000 1.000000
vn 0.000000 0.000000 1.000000
vn 0.000000 0.000000 1.000000
vn 0.000000 0.000000 1.000000
vn -0.707109 -0.707105 0.000000
vn -0.707109 -0.707105 0.000000
vn -0.707109 -0.707105 0.000000
vn -0.707109 -0.707105 0.000000
vn 1.000000 0.000000 0.000000
vn 1.000000 0.000000 0.000000
vn 1.000000 0.000000 0.000000
vn 1.000000 0.000000 0.000000
vn 0.000000 -1.000000 -0.000000
vn 0.000000 -1.000000 -0.000000
vn 0.000000 -1.000000 -0.000000
vn 0.000000 -1.000000 -0.000000
vn -0.965926 -0.258820 0.000000
vn -0.965926 -0.258820 0.000000
vn -0.965926 -0.258820 0.000000
vn -0.965926 -0.258820 0.000000
vn -0.000000 0.000000 -1.000000
vn -0.000000 0.000000 -1.000000
vn -0.000000 0.000000 -1.000000
vn -0.000000 0.000000 -1.000000
vn 0.965926 0.258819 0.000000
vn 0.965926 0.258819 0.000000
vn 0.965926 0.258819 0.000000
vn 0.965926 0.258819 0.000000
vn -0.965926 0.258819 0.000000
vn -0.965926 0.258819 0.000000
vn -0.965926 0.258819 0.000000
vn -0.965926 0.258819 0.000000
vn -1.000000 0.000000 0.000000
vn -1.000000 0.000000 0.000000
vn -1.000000 0.000000 0.000000
vn -1.000000 0.000000 0.000000
vn 0.000000 0.000000 -1.000000
vn 0.000000 0.000000 -1.000000
vn 0.000000 0.000000 -1.000000
vn 0.000000 0.000000 -1.000000
vn 0.000000 0.000000 -1.000000
vn 0.000000 0.000000 -1.000000
vn 0.000000 0.000000 -1.000000
vn 0.000000 0.000000 -1.000000
vn 0.000000 0.000000 -1.000000
vn 0.000000 0.000000 -1.000000
vn 0.000000 0.000000 -1.000000
vn 0.000000 0.000000 -1.000000
vn -0.707109 0.707105 0.000000
vn -0.707109 0.707105 0.000000
vn -0.707109 0.707105 0.000000
vn -0.707109 0.707105 0.000000
vn 0.965926 -0.258819 0.000000
vn 0.965926 -0.258819 0.000000
vn 0.965926 -0.258819 0.000000
vn 0.965926 -0.258819 0.000000
vn 0.000000 1.000000 0.000000
vn 0.000000 1.000000 0.000000
vn 0.000000 1.000000 0.000000
vn 0.000000 1.000000 0.000000
vn -0.258816 0.965927 0.000000
vn -0.258816 0.965927 0.000000
vn -0.258816 0.965927 0.000000
vn -0.258816 0.965927 0.000000
vn 0.000000 0.000000 1.000000
vn 0.000000 0.000000 1.000000
vn 0.000000 0.000000 1.000000
vn 0.000000 0.000000 1.000000
vn 0.000000 0.000000 1.000000
vn 0.000000 0.000000 1.000000
vn 0.000000 0.000000 1.000000
vn 0.000000 0.000000 1.000000
vn 0.000000 0.000000 1.000000
vn 0.000000 0.000000 1.000000
vn 0.000000 0.000000 1.000000
vn 0.000000 0.000000 1.000000
vn 0.258818 -0.965926 0.000000
vn 0.258818 -0.965926 0.000000
vn 0.258818 -0.965926 0.000000
vn 0.258818 -0.965926 0.000000
vn -0.000000 0.000000 1.000000
vn -0.000000 0.000000 1.000000
vn -0.000000 0.000000 1.000000
vn -0.000000 0.000000 1.000000
vn 0.258818 0.965926 0.000000
vn 0.258818 0.965926 0.000000
vn 0.258818 0.965926 0.000000
vn 0.258818 0.965926 0.000000
vn -0.258818 -0.965926 0.000000
vn -0.258818 -0.965926 0.000000
vn -0.258818 -0.965926 0.000000
vn -0.258818 -0.965926 0.000000
vn 0.707106 0.707107 0.000000
vn 0.707106 0.707107 0.000000
vn 0.707106 0.707107 0.000000
vn 0.707106 0.707107 0.000000
vn 0.707106 -0.707107 0.000000
vn 0.707106 -0.707107 0.000000
vn 0.707106 -0.707107 0.000000
vn 0.707106 -0.707107 0.000000
vn -0.707107 -0.707107 0.000000
vn -0.707107 -0.707107 0.000000
vn -0.707107 -0.707107 0.000000
vn -0.707107 -0.707107 0.000000
vn 0.258819 0.965926 0.000000
vn 0.258819 0.965926 0.000000
vn 0.258819 0.965926 0.000000
vn 0.258819 0.965926 0.000000
vn 0.965926 0.258819 0.000000
vn 0.965926 0.258819 0.000000
vn 0.965926 0.258819 0.000000
vn 0.965926 0.258819 0.000000
vn -0.965926 -0.258819 0.000000
vn -0.965926 -0.258819 0.000000
vn -0.965926 -0.258819 0.000000
vn -0.965926 -0.258819 0.000000
vn 0.258819 -0.965926 0.000000
vn 0.258819 -0.965926 0.000000
vn 0.258819 -0.965926 0.000000
vn 0.258819 -0.965926 0.000000
vn 0.965926 -0.258819 0.000000
vn 0.965926 -0.258819 0.000000
vn 0.965926 -0.258819 0.000000
vn 0.965926 -0.258819 0.000000
vn -0.965926 0.258818 0.000000
vn -0.965926 0.258818 0.000000
vn -0.965926 0.258818 0.000000
vn -0.965926 0.258818 0.000000
vn 0.000000 1.000000 0.000000
vn 0.000000 1.000000 0.000000
vn 0.000000 1.000000 0.000000
vn 0.000000 1.000000 0.000000
vn 0.000000 0.000000 -1.000000
vn 0.000000 0.000000 -1.000000
vn 0.000000 0.000000 -1.000000
vn 0.000000 0.000000 -1.000000
vn 0.000000 0.000000 -1.000000
vn 0.000000 0.000000 -1.000000
vn 0.000000 0.000000 -1.000000
vn 0.000000 0.000000 -1.000000
vn 0.000000 0.000000 -1.000000
vn 0.000000 0.000000 -1.000000
vn 0.000000 0.000000 -1.000000
vn 0.000000 0.000000 -1.000000
vn -0.707107 0.707107 0.000000
vn -0.707107 0.707107 0.000000
vn -0.707107 0.707107 0.000000
vn -0.707107 0.707107 0.000000
vn 0.258821 -0.965925 0.000000
vn 0.258821 -0.965925 0.000000
vn 0.258821 -0.965925 0.000000
vn 0.258821 -0.965925 0.000000
vn -0.000000 0.000000 1.000000
vn -0.000000 0.000000 1.000000
vn -0.000000 0.000000 1.000000
vn -0.000000 0.000000 1.000000
vn -0.258818 0.965926 0.000000
vn -0.258818 0.965926 0.000000
vn -0.258818 0.965926 0.000000
vn -0.258818 0.965926 0.000000
vn 0.000000 0.000000 1.000000
vn 0.000000 0.000000 1.000000
vn 0.000000 0.000000 1.000000
vn 0.000000 0.000000 1.000000
vn 0.000000 0.000000 1.000000
vn 0.000000 0.000000 1.000000
vn 0.000000 0.000000 1.000000
vn 0.000000 0.000000 1.000000
vn 0.000000 0.000000 1.000000
vn 0.000000 0.000000 1.000000
vn 0.000000 0.000000 1.000000
vn 0.000000 0.000000 1.000000
vn -0.707106 -0.707108 0.000000
vn -0.707106 -0.707108 0.000000
vn -0.707106 -0.707108 0.000000
vn -0.707106 -0.707108 0.000000
vn 0.965926 0.258819 0.000000
vn 0.965926 0.258819 0.000000
vn 0.965926 0.258819 0.000000
vn 0.965926 0.258819 0.000000
vn 1.000000 0.000000 0.000000
vn 1.000000 0.000000 0.000000
vn 1.000000 0.000000 0.000000
vn 1.000000 0.000000 0.000000
vn -0.965926 -0.258819 0.000000
vn -0.965926 -0.258819 0.000000
vn -0.965926 -0.258819 0.000000
vn -0.965926 -0.258819 0.000000
vn 0.000000 -1.000000 -0.000000
vn 0.000000 -1.000000 -0.000000
vn 0.000000 -1.000000 -0.000000
vn 0.000000 -1.000000 -0.000000
vn -0.000000 0.000000 -1.000000
vn -0.000000 0.000000 -1.000000
vn -0.000000 0.000000 -1.000000
vn -0.000000 0.000000 -1.000000
vn -0.965926 0.258819 0.000000
vn -0.965926 0.258819 0.000000
vn -0.965926 0.258819 0.000000
vn -0.965926 0.258819 0.000000
vn -0.000000 0.000000 1.000000
vn -0.000000 0.000000 1.000000
vn -0.000000 0.000000 1.000000
vn -0.000000 0.000000 1.000000
vn -0.000000 0.000000 1.000000
vn -0.000000 0.000000 1.000000
vn -0.000000 0.000000 1.000000
vn -0.000000 0.000000 1.000000
vn -0.000000 0.000000 1.000000
vn -0.000000 0.000000 1.000000
vn -0.000000 0.000000 1.000000
vn -0.000000 0.000000 1.000000
vn -1.000000 0.000000 0.000000
vn -1.000000 0.000000 0.000000
vn -1.000000 0.000000 0.000000
vn -1.000000 0.000000 0.000000
vn -0.707107 0.707106 0.000000
vn -0.707107 0.707106 0.000000
vn -0.707107 0.707106 0.000000
vn -0.707107 0.707106 0.000000
vn 0.707107 -0.707107 0.000000
vn 0.707107 -0.707107 0.000000
vn 0.707107 -0.707107 0.000000
vn 0.707107 -0.707107 0.000000
vn 0.707107 0.707107 0.000000
vn 0.707107 0.707107 0.000000
vn 0.707107 0.707107 0.000000
vn 0.707107 0.707107 0.000000
vn -0.258819 0.965926 0.000000
vn -0.258819 0.965926 0.000000
vn -0.258819 0.965926 0.000000
vn -0.258819 0.965926 0.000000
vn 0.000000 0.000000 -1.000000
vn 0.000000 0.000000 -1.000000
vn 0.000000 0.000000 -1.000000
vn 0.000000 0.000000 -1.000000
vn 0.000000 0.000000 -1.000000
vn 0.000000 0.000000 -1.000000
vn 0.000000 0.000000 -1.000000
vn 0.000000 0.000000 -1.000000
vn 0.000000 0.000000 -1.000000
vn 0.000000 0.000000 -1.000000
vn 0.000000 0.000000 -1.000000
vn 0.000000 0.000000 -1.000000
vn 0.258821 -0.965925 0.000000
vn 0.258821 -0.965925 0.000000
vn 0.258821 -0.965925 0.000000
vn 0.258821 -0.965925 0.000000
vn 0.258818 0.965926 0.000000
vn 0.258818 0.965926 0.000000
vn 0.258818 0.965926 0.000000
vn 0.258818 0.965926 0.000000
vn -0.000000 0.000000 1.000000
vn -0.000000 0.000000 1.000000
vn -0.000000 0.000000 1.000000
vn -0.000000 0.000000 1.000000
vn -0.258821 -0.965925 0.000000
vn -0.258821 -0.965925 0.000000
vn -0.258821 -0.965925 0.000000
vn -0.258821 -0.965925 0.000000
vn 0.707106 -0.707107 0.000000
vn 0.707106 -0.707107 0.000000
vn 0.707106 -0.707107 0.000000
vn 0.707106 -0.707107 0.000000
vn 0.707107 0.707106 0.000000
vn 0.707107 0.707106 0.000000
vn 0.707107 0.707106 0.000000
vn 0.707107 0.707106 0.000000
vn -0.707107 -0.707107 0.000000
vn -0.707107 -0.707107 0.000000
vn -0.707107 -0.707107 0.000000
vn -0.707107 -0.707107 0.000000
vn 0.965926 0.258819 0.000000
vn 0.965926 0.258819 0.000000
vn 0.965926 0.258819 0.000000
vn 0.965926 0.258819 0.000000
vn 0.258821 0.965925 0.000000
vn 0.258821 0.965925 0.000000
vn 0.258821 0.965925 0.000000
vn 0.258821 0.965925 0.000000
vn -0.965926 -0.258819 0.000000
vn -0.965926 -0.258819 0.000000
vn -0.965926 -0.258819 0.000000
vn -0.965926 -0.258819 0.000000
vn 0.965926 -0.258818 0.000000
vn 0.965926 -0.258818 0.000000
vn 0.965926 -0.258818 0.000000
vn 0.965926 -0.258818 0.000000
vn 0.258819 -0.965926 0.000000
vn 0.258819 -0.965926 0.000000
vn 0.258819 -0.965926 0.000000
vn 0.258819 -0.965926 0.000000
vn -0.965926 0.258819 0.000000
vn -0.965926 0.258819 0.000000
vn -0.965926 0.258819 0.000000
vn -0.965926 0.258819 0.000000
vn 0.000000 0.000000 1.000000
vn 0.000000 0.000000 1.000000
vn 0.000000 0.000000 1.000000
vn 0.000000 0.000000 1.000000
vn 0.000000 0.000000 1.000000
vn 0.000000 0.000000 1.000000
vn 0.000000 0.000000 1.000000
vn 0.000000 0.000000 1.000000
vn 0.000000 0.000000 1.000000
vn 0.000000 0.000000 1.000000
vn 0.000000 0.000000 1.000000
vn 0.000000 0.000000 1.000000
vn 0.000000 1.000000 0.000000
vn 0.000000 1.000000 0.000000
vn 0.000000 1.000000 0.000000
vn 0.000000 1.000000 0.000000
vn -0.707107 0.707107 0.000000
vn -0.707107 0.707107 0.000000
vn -0.707107 0.707107 0.000000
vn -0.707107 0.707107 0.000000
vn -0.258821 -0.965925 0.000000
vn -0.258821 -0.965925 0.000000
vn -0.258821 -0.965925 0.000000
vn -0.258821 -0.965925 0.000000
vn 0.965926 -0.258819 0.000000
vn 0.965926 -0.258819 0.000000
vn 0.965926 -0.258819 0.000000
vn 0.965926 -0.258819 0.000000
vn -0.258821 0.965925 0.000000
vn -0.258821 0.965925 0.000000
vn -0.258821 0.965925 0.000000
vn -0.258821 0.965925 0.000000
vn -0.000000 0.000000 -1.000000
vn -0.000000 0.000000 -1.000000
vn -0.000000 0.000000 -1.000000
vn -0.000000 0.000000 -1.000000
vn -0.000000 0.000000 -1.000000
vn -0.000000 0.000000 -1.000000
vn -0.000000 0.000000 -1.000000
vn -0.000000 0.000000 -1.000000
vn -0.000000 0.000000 -1.000000
vn -0.000000 0.000000 -1.000000
vn -0.000000 0.000000 -1.000000
vn -0.000000 0.000000 -1.000000
vn -0.707106 -0.707108 0.000000
vn -0.707106 -0.707108 0.000000
vn -0.707106 -0.707108 0.000000
vn -0.707106 -0.707108 0.000000
vn 0.965926 0.258820 0.000000
vn 0.965926 0.258820 0.000000
vn 0.965926 0.258820 0.000000
vn 0.965926 0.258820 0.000000
vn 1.000000 0.000000 0.000000
vn 1.000000 0.000000 0.000000
vn 1.000000 0.000000 0.000000
vn 1.000000 0.000000 0.000000
vn -0.965926 -0.258819 0.000000
vn -0.965926 -0.258819 0.000000
vn -0.965926 -0.258819 0.000000
vn -0.965926 -0.258819 0.000000
vn 0.000000 -1.000000 -0.000000
vn 0.000000 -1.000000 -0.000000
vn 0.000000 -1.000000 -0.000000
vn 0.000000 -1.000000 -0.000000
vn -0.000000 0.000000 -1.000000
vn -0.000000 0.000000 -1.000000
vn -0.000000 0.000000 -1.000000
vn -0.000000 0.000000 -1.000000
vn -0.965926 0.258819 0.000000
vn -0.965926 0.258819 0.000000
vn -0.965926 0.258819 0.000000
vn -0.965926 0.258819 0.000000
vn -0.000000 0.000000 1.000000
vn -0.000000 0.000000 1.000000
vn -0.000000 0.000000 1.000000
vn -0.000000 0.000000 1.000000
vn -0.000000 0.000000 1.000000
vn -0.000000 0.000000 1.000000
vn -0.000000 0.000000 1.000000
vn -0.000000 0.000000 1.000000
vn -0.000000 0.000000 1.000000
vn -0.000000 0.000000 1.000000
vn -0.000000 0.000000 1.000000
vn -0.000000 0.000000 1.000000
vn -1.000000 0.000000 0.000000
vn -1.000000 0.000000 0.000000
vn -1.000000 0.000000 0.000000
vn -1.000000 0.000000 0.000000
vn -0.707106 0.707108 0.000000
vn -0.707106 0.707108 0.000000
vn -0.707106 0.707108 0.000000
vn -0.707106 0.707108 0.000000
vn 0.707107 -0.707107 0.000000
vn 0.707107 -0.707107 0.000000
vn 0.707107 -0.707107 0.000000
vn 0.707107 -0.707107 0.000000
vn 0.707107 0.707107 0.000000
vn 0.707107 0.707107 0.000000
vn 0.707107 0.707107 0.000000
vn 0.707107 0.707107 0.000000
vn -0.258821 0.965925 0.000000
vn -0.258821 0.965925 0.000000
vn -0.258821 0.965925 0.000000
vn -0.258821 0.965925 0.000000
vn 0.000000 0.000000 -1.000000
vn 0.000000 0.000000 -1.000000
vn 0.000000 0.000000 -1.000000
vn 0.000000 0.000000 -1.000000
vn 0.000000 0.000000 -1.000000
vn 0.000000 0.000000 -1.000000
vn 0.000000 0.000000 -1.000000
vn 0.000000 0.000000 -1.000000
vn 0.000000 0.000000 -1.000000
vn 0.000000 0.000000 -1.000000
vn 0.000000 0.000000 -1.000000
vn 0.000000 0.000000 -1.000000
vn 0.258818 -0.965926 0.000000
vn 0.258818 -0.965926 0.000000
vn 0.258818 -0.965926 0.000000
vn 0.258818 -0.965926 0.000000
vn 0.258818 0.965926 0.000000
vn 0.258818 0.965926 0.000000
vn 0.258818 0.965926 0.000000
vn 0.258818 0.965926 0.000000
vn -0.000000 0.000000 1.000000
vn -0.000000 0.000000 1.000000
vn -0.000000 0.000000 1.000000
vn -0.000000 0.000000 1.000000
vn -0.258818 -0.965926 0.000000
vn -0.258818 -0.965926 0.000000
vn -0.258818 -0.965926 0.000000
vn -0.258818 -0.965926 0.000000
vn 0.707107 -0.707106 0.000000
vn 0.707107 -0.707106 0.000000
vn 0.707107 -0.707106 0.000000
vn 0.707107 -0.707106 0.000000
vn 0.707107 0.707107 0.000000
vn 0.707107 0.707107 0.000000
vn 0.707107 0.707107 0.000000
vn 0.707107 0.707107 0.000000
vn -0.707107 -0.707107 0.000000
vn -0.707107 -0.707107 0.000000
vn -0.707107 -0.707107 0.000000
vn -0.707107 -0.707107 0.000000
vn 0.965926 0.258819 0.000000
vn 0.965926 0.258819 0.000000
vn 0.965926 0.258819 0.000000
vn 0.965926 0.258819 0.000000
vn 0.258819 0.965926 0.000000
vn 0.258819 0.965926 0.000000
vn 0.258819 0.965926 0.000000
vn 0.258819 0.965926 0.000000
vn -0.965926 -0.258818 0.000000
vn -0.965926 -0.258818 0.000000
vn -0.965926 -0.258818 0.000000
vn -0.965926 -0.258818 0.000000
vn 0.965926 -0.258819 0.000000
vn 0.965926 -0.258819 0.000000
vn 0.965926 -0.258819 0.000000
vn 0.965926 -0.258819 0.000000
vn 0.258819 -0.965926 0.000000
vn 0.258819 -0.965926 0.000000
vn 0.258819 -0.965926 0.000000
vn 0.258819 -0.965926 0.000000
vn -0.965926 0.258819 0.000000
vn -0.965926 0.258819 0.000000
vn -0.965926 0.258819 0.000000
vn -0.965926 0.258819 0.000000
vn 0.000000 0.000000 1.000000
vn 0.000000 0.000000 1.000000
vn 0.000000 0.000000 1.000000
vn 0.000000 0.000000 1.000000
vn 0.000000 0.000000 1.000000
vn 0.000000 0.000000 1.000000
vn 0.000000 0.000000 1.000000
vn 0.000000 0.000000 1.000000
vn 0.000000 0.000000 1.000000
vn 0.000000 0.000000 1.000000
vn 0.000000 0.000000 1.000000
vn 0.000000 0.000000 1.000000
vn 0.000000 1.000000 0.000000
vn 0.000000 1.000000 0.000000
vn 0.000000 1.000000 0.000000
vn 0.000000 1.000000 0.000000
vn -0.707107 0.707107 0.000000
vn -0.707107 0.707107 0.000000
vn -0.707107 0.707107 0.000000
vn -0.707107 0.707107 0.000000
vn -0.258819 -0.965926 0.000000
vn -0.258819 -0.965926 0.000000
vn -0.258819 -0.965926 0.000000
vn -0.258819 -0.965926 0.000000
vn 0.965926 -0.258819 0.000000
vn 0.965926 -0.258819 0.000000
vn 0.965926 -0.258819 0.000000
vn 0.965926 -0.258819 0.000000
vn -0.258818 0.965926 0.000000
vn -0.258818 0.965926 0.000000
vn -0.258818 0.965926 0.000000
vn -0.258818 0.965926 0.000000
vn 0.000000 -0.000000 -1.000000
vn 0.000000 -0.000000 -1.000000
vn 0.000000 -0.000000 -1.000000
vn 0.000000 -0.000000 -1.000000
vn 0.000000 -0.000000 -1.000000
vn 0.000000 -0.000000 -1.000000
vn 0.000000 -0.000000 -1.000000
vn 0.000000 -0.000000 -1.000000
vn 0.000000 -0.000000 -1.000000
vn 0.000000 -0.000000 -1.000000
vn 0.000000 -0.000000 -1.000000
vn 0.000000 -0.000000 -1.000000
vn -0.707107 -0.707106 0.000000
vn -0.707107 -0.707106 0.000000
vn -0.707107 -0.707106 0.000000
vn -0.707107 -0.707106 0.000000
vn 0.965926 0.258819 0.000000
vn 0.965926 0.258819 0.000000
vn 0.965926 0.258819 0.000000
vn 0.965926 0.258819 0.000000
vn 1.000000 0.000000 0.000000
vn 1.000000 0.000000 0.000000
vn 1.000000 0.000000 0.000000
vn 1.000000 0.000000 0.000000
vn -0.965926 -0.258819 0.000000
vn -0.965926 -0.258819 0.000000
vn -0.965926 -0.258819 0.000000
vn -0.965926 -0.258819 0.000000
vn 0.000000 -1.000000 -0.000000
vn 0.000000 -1.000000 -0.000000
vn 0.000000 -1.000000 -0.000000
vn 0.000000 -1.000000 -0.000000
vn -0.000000 0.000000 -1.000000
vn -0.000000 0.000000 -1.000000
vn -0.000000 0.000000 -1.000000
vn -0.000000 0.000000 -1.000000
vn -0.965926 0.258819 0.000000
vn -0.965926 0.258819 0.000000
vn -0.965926 0.258819 0.000000
vn -0.965926 0.258819 0.000000
vn -0.000000 0.000000 1.000000
vn -0.000000 0.000000 1.000000
vn -0.000000 0.000000 1.000000
vn -0.000000 0.000000 1.000000
vn -0.000000 0.000000 1.000000
vn -0.000000 0.000000 1.000000
vn -0.000000 0.000000 1.000000
vn -0.000000 0.000000 1.000000
vn -0.000000 0.000000 1.000000
vn -0.000000 0.000000 1.000000
vn -0.000000 0.000000 1.000000
vn -0.000000 0.000000 1.000000
vn -1.000000 0.000000 0.000000
vn -1.000000 0.000000 0.000000
vn -1.000000 0.000000 0.000000
vn -1.000000 0.000000 0.000000
vn -0.707107 0.707106 0.000000
vn -0.707107 0.707106 0.000000
vn -0.707107 0.707106 0.000000
vn -0.707107 0.707106 0.000000
vn 0.707107 -0.707107 0.000000
vn 0.707107 -0.707107 0.000000
vn 0.707107 -0.707107 0.000000
vn 0.707107 -0.707107 0.000000
vn 0.707107 0.707107 0.000000
vn 0.707107 0.707107 0.000000
vn 0.707107 0.707107 0.000000
vn 0.707107 0.707107 0.000000
vn -0.258819 0.965926 0.000000
vn -0.258819 0.965926 0.000000
vn -0.258819 0.965926 0.000000
vn -0.258819 0.965926 0.000000
vn -0.000000 -0.000000 -1.000000
vn -0.000000 -0.000000 -1.000000
vn -0.000000 -0.000000 -1.000000
vn -0.000000 -0.000000 -1.000000
vn -0.000000 -0.000000 -1.000000
vn -0.000000 -0.000000 -1.000000
vn -0.000000 -0.000000 -1.000000
vn -0.000000 -0.000000 -1.000000
vn -0.000000 -0.000000 -1.000000
vn -0.000000 -0.000000 -1.000000
vn -0.000000 -0.000000 -1.000000
vn -0.000000 -0.000000 -1.000000
vn 0.258818 -0.965926 0.000000
vn 0.258818 -0.965926 0.000000
vn 0.258818 -0.965926 0.000000
vn 0.258818 -0.965926 0.000000
vn 0.258821 0.965925 0.000000
vn 0.258821 0.965925 0.000000
vn 0.258821 0.965925 0.000000
vn 0.258821 0.965925 0.000000
vn -0.000000 0.000000 1.000000
vn -0.000000 0.000000 1.000000
vn -0.000000 0.000000 1.000000
vn -0.000000 0.000000 1.000000
vn -0.258818 -0.965926 0.000000
vn -0.258818 -0.965926 0.000000
vn -0.258818 -0.965926 0.000000
vn -0.258818 -0.965926 0.000000
vn 0.707107 -0.707107 0.000000
vn 0.707107 -0.707107 0.000000
vn 0.707107 -0.707107 0.000000
vn 0.707107 -0.707107 0.000000
vn 0.707107 0.707106 0.000000
vn 0.707107 0.707106 0.000000
vn 0.707107 0.707106 0.000000
vn 0.707107 0.707106 0.000000
vn -0.707107 -0.707107 0.000000
vn -0.707107 -0.707107 0.000000
vn -0.707107 -0.707107 0.000000
vn -0.707107 -0.707107 0.000000
vn 0.965926 0.258819 0.000000
vn 0.965926 0.258819 0.000000
vn 0.965926 0.258819 0.000000
vn 0.965926 0.258819 0.000000
vn 0.258820 0.965926 0.000000
vn 0.258820 0.965926 0.000000
vn 0.258820 0.965926 0.000000
vn 0.258820 0.965926 0.000000
vn -0.965926 -0.258819 0.000000
vn -0.965926 -0.258819 0.000000
vn -0.965926 -0.258819 0.000000
vn -0.965926 -0.258819 0.000000
vn 0.965926 -0.258819 0.000000
vn 0.965926 -0.258819 0.000000
vn 0.965926 -0.258819 0.000000
vn 0.965926 -0.258819 0.000000
vn 0.258819 -0.965926 0.000000
vn 0.258819 -0.965926 0.000000
vn 0.258819 -0.965926 0.000000
vn 0.258819 -0.965926 0.000000
vn -0.965926 0.258819 0.000000
vn -0.965926 0.258819 0.000000
vn -0.965926 0.258819 0.000000
vn -0.965926 0.258819 0.000000
vn -0.000000 0.000000 1.000000
vn -0.000000 0.000000 1.000000
vn -0.000000 0.000000 1.000000
vn -0.000000 0.000000 1.000000
vn -0.000000 0.000000 1.000000
vn -0.000000 0.000000 1.000000
vn -0.000000 0.000000 1.000000
vn -0.000000 0.000000 1.000000
vn -0.000000 0.000000 1.000000
vn -0.000000 0.000000 1.000000
vn -0.000000 0.000000 1.000000
vn -0.000000 0.000000 1.000000
vn 0.000000 1.000000 0.000000
vn 0.000000 1.000000 0.000000
vn 0.000000 1.000000 0.000000
vn 0.000000 1.000000 0.000000
vn -0.707107 0.707107 0.000000
vn -0.707107 0.707107 0.000000
vn -0.707107 0.707107 0.000000
vn -0.707107 0.707107 0.000000
vn -0.258819 -0.965926 0.000000
vn -0.258819 -0.965926 0.000000
vn -0.258819 -0.965926 0.000000
vn -0.258819 -0.965926 0.000000
vn 0.965926 -0.258819 0.000000
vn 0.965926 -0.258819 0.000000
vn 0.965926 -0.258819 0.000000
vn 0.965926 -0.258819 0.000000
vn -0.258818 0.965926 0.000000
vn -0.258818 0.965926 0.000000
vn -0.258818 0.965926 0.000000
vn -0.258818 0.965926 0.000000
vn 0.000000 -0.000000 -1.000000
vn 0.000000 -0.000000 -1.000000
vn 0.000000 -0.000000 -1.000000
vn 0.000000 -0.000000 -1.000000
vn 0.000000 -0.000000 -1.000000
vn 0.000000 -0.000000 -1.000000
vn 0.000000 -0.000000 -1.000000
vn 0.000000 -0.000000 -1.000000
vn 0.000000 -0.000000 -1.000000
vn 0.000000 -0.000000 -1.000000
vn 0.000000 -0.000000 -1.000000
vn 0.000000 -0.000000 -1.000000
vn -0.707107 -0.707107 0.000000
vn -0.707107 -0.707107 0.000000
vn -0.707107 -0.707107 0.000000
vn -0.707107 -0.707107 0.000000
vn 0.965926 0.258819 0.000000
vn 0.965926 0.258819 0.000000
vn 0.965926 0.258819 0.000000
vn 0.965926 0.258819 0.000000
vn 1.000000 0.000000 0.000000
vn 1.000000 0.000000 0.000000
vn 1.000000 0.000000 0.000000
vn 1.000000 0.000000 0.000000
vn -0.965926 -0.258819 0.000000
vn -0.965926 -0.258819 0.000000
vn -0.965926 -0.258819 0.000000
vn -0.965926 -0.258819 0.000000
vn 0.000000 -1.000000 -0.000000
vn 0.000000 -1.000000 -0.000000
vn 0.000000 -1.000000 -0.000000
vn 0.000000 -1.000000 -0.000000
vn -0.000000 0.000000 -1.000000
vn -0.000000 0.000000 -1.000000
vn -0.000000 0.000000 -1.000000
vn -0.000000 0.000000 -1.000000
vn -0.965926 0.258819 0.000000
vn -0.965926 0.258819 0.000000
vn -0.965926 0.258819 0.000000
vn -0.965926 0.258819 0.000000
vn 0.000000 0.000000 1.000000
vn 0.000000 0.000000 1.000000
vn 0.000000 0.000000 1.000000
vn 0.000000 0.000000 1.000000
vn 0.000000 0.000000 1.000000
vn 0.000000 0.000000 1.000000
vn 0.000000 0.000000 1.000000
vn 0.000000 0.000000 1.000000
vn 0.000000 0.000000 1.000000
vn 0.000000 0.000000 1.000000
vn 0.000000 0.000000 1.000000
vn 0.000000 0.000000 1.000000
vn -1.000000 0.000000 0.000000
vn -1.000000 0.000000 0.000000
vn -1.000000 0.000000 0.000000
vn -1.000000 0.000000 0.000000
vn -0.707107 0.707107 0.000000
vn -0.707107 0.707107 0.000000
vn -0.707107 0.707107 0.000000
vn -0.707107 0.707107 0.000000
vn 0.707107 -0.707107 0.000000
vn 0.707107 -0.707107 0.000000
vn 0.707107 -0.707107 0.000000
vn 0.707107 -0.707107 0.000000
vn 0.707107 0.707107 0.000000
vn 0.707107 0.707107 0.000000
vn 0.707107 0.707107 0.000000
vn 0.707107 0.707107 0.000000
vn -0.258820 0.965926 0.000000
vn -0.258820 0.965926 0.000000
vn -0.258820 0.965926 0.000000
vn -0.258820 0.965926 0.000000
vn 0.000000 -0.000000 -1.000000
vn 0.000000 -0.000000 -1.000000
vn 0.000000 -0.000000 -1.000000
vn 0.000000 -0.000000 -1.000000
vn 0.000000 -0.000000 -1.000000
vn 0.000000 -0.000000 -1.000000
vn 0.000000 -0.000000 -1.000000
vn 0.000000 -0.000000 -1.000000
vn 0.000000 -0.000000 -1.000000
vn 0.000000 -0.000000 -1.000000
vn 0.000000 -0.000000 -1.000000
vn 0.000000 -0.000000 -1.000000
vn 0.258818 -0.965926 0.000000
vn 0.258818 -0.965926 0.000000
vn 0.258818 -0.965926 0.000000
vn 0.258818 -0.965926 0.000000
vn 0.258821 0.965925 0.000000
vn 0.258821 0.965925 0.000000
vn 0.258821 0.965925 0.000000
vn 0.258821 0.965925 0.000000
vn -0.000000 0.000000 1.000000
vn -0.000000 0.000000 1.000000
vn -0.000000 0.000000 1.000000
vn -0.000000 0.000000 1.000000
vn -0.258818 -0.965926 0.000000
vn -0.258818 -0.965926 0.000000
vn -0.258818 -0.965926 0.000000
vn -0.258818 -0.965926 0.000000
vn 0.707107 -0.707106 0.000000
vn 0.707107 -0.707106 0.000000
vn 0.707107 -0.707106 0.000000
vn 0.707107 -0.707106 0.000000
vn 0.707107 0.707106 0.000000
vn 0.707107 0.707106 0.000000
vn 0.707107 0.707106 0.000000
vn 0.707107 0.707106 0.000000
vn -0.707107 -0.707107 0.000000
vn -0.707107 -0.707107 0.000000
vn -0.707107 -0.707107 0.000000
vn -0.707107 -0.707107 0.000000
vn 0.965926 0.258819 0.000000
vn 0.965926 0.258819 0.000000
vn 0.965926 0.258819 0.000000
vn 0.965926 0.258819 0.000000
vn 0.258819 0.965926 0.000000
vn 0.258819 0.965926 0.000000
vn 0.258819 0.965926 0.000000
vn 0.258819 0.965926 0.000000
vn -0.965926 -0.258819 0.000000
vn -0.965926 -0.258819 0.000000
vn -0.965926 -0.258819 0.000000
vn -0.965926 -0.258819 0.000000
vn 0.965926 -0.258819 0.000000
vn 0.965926 -0.258819 0.000000
vn 0.965926 -0.258819 0.000000
vn 0.965926 -0.258819 0.000000
vn 0.258821 -0.965925 0.000000
vn 0.258821 -0.965925 0.000000
vn 0.258821 -0.965925 0.000000
vn 0.258821 -0.965925 0.000000
vn -0.965926 0.258819 0.000000
vn -0.965926 0.258819 0.000000
vn -0.965926 0.258819 0.000000
vn -0.965926 0.258819 0.000000
vn -0.000000 0.000000 1.000000
vn -0.000000 0.000000 1.000000
vn -0.000000 0.000000 1.000000
vn -0.000000 0.000000 1.000000
vn -0.000000 0.000000 1.000000
vn -0.000000 0.000000 1.000000
vn -0.000000 0.000000 1.000000
vn -0.000000 0.000000 1.000000
vn -0.000000 0.000000 1.000000
vn -0.000000 0.000000 1.000000
vn -0.000000 0.000000 1.000000
vn -0.000000 0.000000 1.000000
vn 0.000000 1.000000 0.000000
vn 0.000000 1.000000 0.000000
vn 0.000000 1.000000 0.000000
vn 0.000000 1.000000 0.000000
vn -0.707107 0.707107 0.000000
vn -0.707107 0.707107 0.000000
vn -0.707107 0.707107 0.000000
vn -0.707107 0.707107 0.000000
vn -0.258819 -0.965926 0.000000
vn -0.258819 -0.965926 0.000000
vn -0.258819 -0.965926 0.000000
vn -0.258819 -0.965926 0.000000
vn 0.965926 -0.258819 0.000000
vn 0.965926 -0.258819 0.000000
vn 0.965926 -0.258819 0.000000
vn 0.965926 -0.258819 0.000000
vn -0.258818 0.965926 0.000000
vn -0.258818 0.965926 0.000000
vn -0.258818 0.965926 0.000000
vn -0.258818 0.965926 0.000000
vn 0.000000 0.000000 -1.000000
vn 0.000000 0.000000 -1.000000
vn 0.000000 0.000000 -1.000000
vn 0.000000 0.000000 -1.000000
vn 0.000000 0.000000 -1.000000
vn 0.000000 0.000000 -1.000000
vn 0.000000 0.000000 -1.000000
vn 0.000000 0.000000 -1.000000
vn 0.000000 0.000000 -1.000000
vn 0.000000 0.000000 -1.000000
vn 0.000000 0.000000 -1.000000
vn 0.000000 0.000000 -1.000000
vn -0.707107 -0.707106 0.000000
vn -0.707107 -0.707106 0.000000
vn -0.707107 -0.707106 0.000000
vn -0.707107 -0.707106 0.000000
vn 0.965926 0.258819 0.000000
vn 0.965926 0.258819 0.000000
vn 0.965926 0.258819 0.000000
vn 0.965926 0.258819 0.000000
vn 1.000000 0.000000 0.000000
vn 1.000000 0.000000 0.000000
vn 1.000000 0.000000 0.000000
vn 1.000000 0.000000 0.000000
vn -0.965926 -0.258819 0.000000
vn -0.965926 -0.258819 0.000000
vn -0.965926 -0.258819 0.000000
vn -0.965926 -0.258819 0.000000
vn 0.000000 -1.000000 -0.000000
vn 0.000000 -1.000000 -0.000000
vn 0.000000 -1.000000 -0.000000
vn 0.000000 -1.000000 -0.000000
vn -0.000000 0.000000 -1.000000
vn -0.000000 0.000000 -1.000000
vn -0.000000 0.000000 -1.000000
vn -0.000000 0.000000 -1.000000
vn -0.965926 0.258819 0.000000
vn -0.965926 0.258819 0.000000
vn -0.965926 0.258819 0.000000
vn -0.965926 0.258819 0.000000
vn 0.000000 0.000000 1.000000
vn 0.000000 0.000000 1.000000
vn 0.000000 0.000000 1.000000
vn 0.000000 0.000000 1.000000
vn 0.000000 0.000000 1.000000
vn 0.000000 0.000000 1.000000
vn 0.000000 0.000000 1.000000
vn 0.000000 0.000000 1.000000
vn 0.000000 0.000000 1.000000
vn 0.000000 0.000000 1.000000
vn 0.000000 0.000000 1.000000
vn 0.000000 0.000000 1.000000
vn -1.000000 0.000000 0.000000
vn -1.000000 0.000000 0.000000
vn -1.000000 0.000000 0.000000
vn -1.000000 0.000000 0.000000
vn -0.707107 0.707106 0.000000
vn -0.707107 0.707106 0.000000
vn -0.707107 0.707106 0.000000
vn -0.707107 0.707106 0.000000
vn 0.707107 -0.707107 0.000000
vn 0.707107 -0.707107 0.000000
vn 0.707107 -0.707107 0.000000
vn 0.707107 -0.707107 0.000000
vn 0.707107 0.707107 0.000000
vn 0.707107 0.707107 0.000000
vn 0.707107 0.707107 0.000000
vn 0.707107 0.707107 0.000000
vn -0.258819 0.965926 0.000000
vn -0.258819 0.965926 0.000000
vn -0.258819 0.965926 0.000000
vn -0.258819 0.965926 0.000000
vn 0.000000 0.000000 -1.000000
vn 0.000000 0.000000 -1.000000
vn 0.000000 0.000000 -1.000000
vn 0.000000 0.000000 -1.000000
vn 0.000000 0.000000 -1.000000
vn 0.000000 0.000000 -1.000000
vn 0.000000 0.000000 -1.000000
vn 0.000000 0.000000 -1.000000
vn 0.000000 0.000000 -1.000000
vn 0.000000 0.000000 -1.000000
vn 0.000000 0.000000 -1.000000
vn 0.000000 0.000000 -1.000000
vn 0.258821 -0.965925 0.000000
vn 0.258821 -0.965925 0.000000
vn 0.258821 -0.965925 0.000000
vn 0.258821 -0.965925 0.000000
vn -0.258821 -0.965925 0.000000
vn -0.258821 -0.965925 0.000000
vn -0.258821 -0.965925 0.000000
vn -0.258821 -0.965925 0.000000
vn 0.707107 -0.707106 0.000000
vn 0.707107 -0.707106 0.000000
vn 0.707107 -0.707106 0.000000
vn 0.707107 -0.707106 0.000000
vn 0.707106 0.707107 0.000000
vn 0.707106 0.707107 0.000000
vn 0.707106 0.707107 0.000000
vn 0.707106 0.707107 0.000000
vn -0.707107 -0.707107 0.000000
vn -0.707107 -0.707107 0.000000
vn -0.707107 -0.707107 0.000000
vn -0.707107 -0.707107 0.000000
vn 0.258818 0.965926 0.000000
vn 0.258818 0.965926 0.000000
vn 0.258818 0.965926 0.000000
vn 0.258818 0.965926 0.000000
vn -0.965926 -0.258819 0.000000
vn -0.965926 -0.258819 0.000000
vn -0.965926 -0.258819 0.000000
vn -0.965926 -0.258819 0.000000
vn 0.965926 -0.258819 0.000000
vn 0.965926 -0.258819 0.000000
vn 0.965926 -0.258819 0.000000
vn 0.965926 -0.258819 0.000000
vn -0.965926 0.258819 0.000000
vn -0.965926 0.258819 0.000000
vn -0.965926 0.258819 0.000000
vn -0.965926 0.258819 0.000000
vn 0.000000 0.000000 1.000000
vn 0.000000 0.000000 1.000000
vn 0.000000 0.000000 1.000000
vn 0.000000 0.000000 1.000000
vn 0.000000 0.000000 1.000000
vn 0.000000 0.000000 1.000000
vn 0.000000 0.000000 1.000000
vn 0.000000 0.000000 1.000000
vn 0.000000 0.000000 1.000000
vn 0.000000 0.000000 1.000000
vn 0.000000 0.000000 1.000000
vn 0.000000 0.000000 1.000000
vn -0.707107 0.707107 0.000000
vn -0.707107 0.707107 0.000000
vn -0.707107 0.707107 0.000000
vn -0.707107 0.707107 0.000000
vn -0.258819 -0.965926 0.000000
vn -0.258819 -0.965926 0.000000
vn -0.258819 -0.965926 0.000000
vn -0.258819 -0.965926 0.000000
vn 0.965926 -0.258819 0.000000
vn 0.965926 -0.258819 0.000000
vn 0.965926 -0.258819 0.000000
vn 0.965926 -0.258819 0.000000
vn -0.258821 0.965925 0.000000
vn -0.258821 0.965925 0.000000
vn -0.258821 0.965925 0.000000
vn -0.258821 0.965925 0.000000
vn -0.000000 0.000000 -1.000000
vn -0.000000 0.000000 -1.000000
vn -0.000000 0.000000 -1.000000
vn -0.000000 0.000000 -1.000000
vn -0.000000 0.000000 -1.000000
vn -0.000000 0.000000 -1.000000
vn -0.000000 0.000000 -1.000000
vn -0.000000 0.000000 -1.000000
vn -0.000000 0.000000 -1.000000
vn -0.000000 0.000000 -1.000000
vn -0.000000 0.000000 -1.000000
vn -0.000000 0.000000 -1.000000
vn -0.707107 -0.707106 0.000000
vn -0.707107 -0.707106 0.000000
vn -0.707107 -0.707106 0.000000
vn -0.707107 -0.707106 0.000000
vn 0.965926 0.258819 0.000000
vn 0.965926 0.258819 0.000000
vn 0.965926 0.258819 0.000000
vn 0.965926 0.258819 0.000000
vn 1.000000 0.000000 0.000000
vn 1.000000 0.000000 0.000000
vn 1.000000 0.000000 0.000000
vn 1.000000 0.000000 0.000000
vn -0.965926 -0.258819 0.000000
vn -0.965926 -0.258819 0.000000
vn -0.965926 -0.258819 0.000000
vn -0.965926 -0.258819 0.000000
vn -0.000000 0.000000 -1.000000
vn -0.000000 0.000000 -1.000000
vn -0.000000 0.000000 -1.000000
vn -0.000000 0.000000 -1.000000
vn -0.965926 0.258819 0.000000
vn -0.965926 0.258819 0.000000
vn -0.965926 0.258819 0.000000
vn -0.965926 0.258819 0.000000
vn 0.000000 0.000000 1.000000
vn 0.000000 0.000000 1.000000
vn 0.000000 0.000000 1.000000
vn 0.000000 0.000000 1.000000
vn 0.000000 0.000000 1.000000
vn 0.000000 0.000000 1.000000
vn 0.000000 0.000000 1.000000
vn 0.000000 0.000000 1.000000
vn 0.000000 0.000000 1.000000
vn 0.000000 0.000000 1.000000
vn 0.000000 0.000000 1.000000
vn 0.000000 0.000000 1.000000
vn -1.000000 0.000000 0.000000
vn -1.000000 0.000000 0.000000
vn -1.000000 0.000000 0.000000
vn -1.000000 0.000000 0.000000
vn -0.707107 0.707106 0.000000
vn -0.707107 0.707106 0.000000
vn -0.707107 0.707106 0.000000
vn -0.707107 0.707106 0.000000
vn 0.707107 -0.707107 0.000000
vn 0.707107 -0.707107 0.000000
vn 0.707107 -0.707107 0.000000
vn 0.707107 -0.707107 0.000000
vn 0.707107 0.707107 0.000000
vn 0.707107 0.707107 0.000000
vn 0.707107 0.707107 0.000000
vn 0.707107 0.707107 0.000000
vn -0.258818 0.965926 0.000000
vn -0.258818 0.965926 0.000000
vn -0.258818 0.965926 0.000000
vn -0.258818 0.965926 0.000000
vn 0.000000 0.000000 -1.000000
vn 0.000000 0.000000 -1.000000
vn 0.000000 0.000000 -1.000000
vn 0.000000 0.000000 -1.000000
vn 0.000000 0.000000 -1.000000
vn 0.000000 0.000000 -1.000000
vn 0.000000 0.000000 -1.000000
vn 0.000000 0.000000 -1.000000
vn 0.000000 0.000000 -1.000000
vn 0.000000 0.000000 -1.000000
vn 0.000000 0.000000 -1.000000
vn 0.000000 0.000000 -1.000000
vn 0.258821 -0.965925 0.000000
vn 0.258821 -0.965925 0.000000
vn 0.258821 -0.965925 0.000000
vn 0.258821 -0.965925 0.000000
vn -0.258821 -0.965925 0.000000
vn -0.258821 -0.965925 0.000000
vn -0.258821 -0.965925 0.000000
vn -0.258821 -0.965925 0.000000
vn 0.707106 -0.707107 0.000000
vn 0.707106 -0.707107 0.000000
vn 0.707106 -0.707107 0.000000
vn 0.707106 -0.707107 0.000000
vn -0.707107 -0.707107 0.000000
vn -0.707107 -0.707107 0.000000
vn -0.707107 -0.707107 0.000000
vn -0.707107 -0.707107 0.000000
vn 0.258821 0.965925 0.000000
vn 0.258821 0.965925 0.000000
vn 0.258821 0.965925 0.000000
vn 0.258821 0.965925 0.000000
vn -0.965926 -0.258819 0.000000
vn -0.965926 -0.258819 0.000000
vn -0.965926 -0.258819 0.000000
vn -0.965926 -0.258819 0.000000
vn -0.965926 0.258819 0.000000
vn -0.965926 0.258819 0.000000
vn -0.965926 0.258819 0.000000
vn -0.965926 0.258819 0.000000
vn -0.000000 0.000000 1.000000
vn -0.000000 0.000000 1.000000
vn -0.000000 0.000000 1.000000
vn -0.000000 0.000000 1.000000
vn -0.000000 0.000000 1.000000
vn -0.000000 0.000000 1.000000
vn -0.000000 0.000000 1.000000
vn -0.000000 0.000000 1.000000
vn -0.000000 0.000000 1.000000
vn -0.000000 0.000000 1.000000
vn -0.000000 0.000000 1.000000
vn -0.000000 0.000000 1.000000
vn -0.707107 0.707107 0.000000
vn -0.707107 0.707107 0.000000
vn -0.707107 0.707107 0.000000
vn -0.707107 0.707107 0.000000
vn -0.258821 -0.965925 0.000000
vn -0.258821 -0.965925 0.000000
vn -0.258821 -0.965925 0.000000
vn -0.258821 -0.965925 0.000000
vn 0.965926 -0.258819 0.000000
vn 0.965926 -0.258819 0.000000
vn 0.965926 -0.258819 0.000000
vn 0.965926 -0.258819 0.000000
vn -0.258821 0.965925 0.000000
vn -0.258821 0.965925 0.000000
vn -0.258821 0.965925 0.000000
vn -0.258821 0.965925 0.000000
vn -0.000000 -0.000000 -1.000000
vn -0.000000 -0.000000 -1.000000
vn -0.000000 -0.000000 -1.000000
vn -0.000000 -0.000000 -1.000000
vn -0.000000 -0.000000 -1.000000
vn -0.000000 -0.000000 -1.000000
vn -0.000000 -0.000000 -1.000000
vn -0.000000 -0.000000 -1.000000
vn -0.000000 -0.000000 -1.000000
vn -0.000000 -0.000000 -1.000000
vn -0.000000 -0.000000 -1.000000
vn -0.000000 -0.000000 -1.000000
vn -0.707106 -0.707108 0.000000
vn -0.707106 -0.707108 0.000000
vn -0.707106 -0.707108 0.000000
vn -0.707106 -0.707108 0.000000
vn -0.965926 -0.258819 0.000000
vn -0.965926 -0.258819 0.000000
vn -0.965926 -0.258819 0.000000
vn -0.965926 -0.258819 0.000000
vn -0.965926 0.258819 0.000000
vn -0.965926 0.258819 0.000000
vn -0.965926 0.258819 0.000000
vn -0.965926 0.258819 0.000000
vn 0.000000 0.000000 1.000000
vn 0.000000 0.000000 1.000000
vn 0.000000 0.000000 1.000000
vn 0.000000 0.000000 1.000000
vn 0.000000 0.000000 1.000000
vn 0.000000 0.000000 1.000000
vn 0.000000 0.000000 1.000000
vn 0.000000 0.000000 1.000000
vn 0.000000 0.000000 1.000000
vn 0.000000 0.000000 1.000000
vn 0.000000 0.000000 1.000000
vn 0.000000 0.000000 1.000000
vn -0.707106 0.707108 0.000000
vn -0.707106 0.707108 0.000000
vn -0.707106 0.707108 0.000000
vn -0.707106 0.707108 0.000000
vn -0.258821 0.965925 0.000000
vn -0.258821 0.965925 0.000000
vn -0.258821 0.965925 0.000000
vn -0.258821 0.965925 0.000000
vn 0.000000 0.000000 -1.000000
vn 0.000000 0.000000 -1.000000
vn 0.000000 0.000000 -1.000000
vn 0.000000 0.000000 -1.000000
vn 0.000000 0.000000 -1.000000
vn 0.000000 0.000000 -1.000000
vn 0.000000 0.000000 -1.000000
vn 0.000000 0.000000 -1.000000
vn 0.000000 0.000000 -1.000000
vn 0.000000 0.000000 -1.000000
vn 0.000000 0.000000 -1.000000
vn 0.000000 0.000000 -1.000000
f 1/1/1 2/2/2 4/3/3 3/4/4
f 3/5/5 4/6/6 8/7/7 7/8/8
f 7/9/9 8/10/10 6/11/11 5/12/12
f 5/13/13 6/14/14 2/15/15 1/16/16
f 3/17/17 7/18/18 5/19/19 1/20/20
f 8/21/21 4/22/22 2/23/23 6/24/24
f 71/25/25 72/26/26 74/27/27 73/28/28
f 127/29/29 128/30/30 130/31/31 129/32/32
f 11/33/33 12/34/34 14/35/35 13/36/36
f 61/37/37 62/38/38 10/39/39 9/40/40
f 157/41/41 158/42/42 160/43/43 159/44/44
f 13/45/45 14/46/46 16/47/47 15/48/48
f 59/49/49 63/50/50 61/51/51 9/52/52
f 39/53/53 40/54/54 42/55/55 41/56/56
f 15/57/57 16/58/58 18/59/59 17/60/60
f 123/61/61 124/62/62 126/63/63 125/64/64
f 67/65/65 68/66/66 70/67/67 69/68/68
f 17/69/69 18/70/70 20/71/71 19/72/72
f 45/73/73 46/74/74 48/75/75 47/76/76
f 101/77/77 102/78/78 104/79/79 103/80/80
f 19/81/81 20/82/82 22/83/83 21/84/84
f 64/85/85 60/86/86 10/87/87 62/88/88
f 37/89/89 38/90/90 40/91/91 39/92/92
f 21/93/93 22/94/94 24/95/95 23/96/96
f 213/97/97 214/98/98 216/99/99 215/100/100
f 97/101/101 98/102/102 100/103/103 99/104/104
f 23/105/105 24/106/106 26/107/107 25/108/108
f 43/109/109 44/110/110 46/111/111 45/112/112
f 120/113/113 116/114/114 65/115/115 118/116/116
f 25/117/117 26/118/118 28/119/119 27/120/120
f 173/121/121 174/122/122 122/123/123 121/124/124
f 35/125/125 36/126/126 38/127/127 37/128/128
f 27/129/129 28/130/130 30/131/131 29/132/132
f 73/133/133 74/134/134 76/135/135 75/136/136
f 103/137/137 104/138/138 106/139/139 105/140/140
f 29/141/141 30/142/142 32/143/143 31/144/144
f 14/145/145 12/146/146 34/147/147 32/148/148 30/149/149 28/150/150 26/151/151 24/152/152 22/153/153 20/154/154 18/155/155 16/156/156
f 93/157/157 94/158/158 96/159/159 95/160/160
f 31/161/161 32/162/162 34/163/163 33/164/164
f 47/165/165 48/166/166 50/167/167 49/168/168
f 41/169/169 42/170/170 44/171/171 43/172/172
f 33/173/173 34/174/174 12/175/175 11/176/176
f 11/177/177 13/178/178 15/179/179 17/180/180 19/181/181 21/182/182 23/183/183 25/184/184 27/185/185 29/186/186 31/187/187 33/188/188
f 49/189/189 50/190/190 52/191/191 51/192/192
f 115/193/193 119/194/194 117/195/195 66/196/196
f 63/197/197 64/198/198 62/199/199 61/200/200
f 51/201/201 52/202/202 54/203/203 53/204/204
f 95/205/205 96/206/206 98/207/207 97/208/208
f 59/209/209 60/210/210 64/211/211 63/212/212
f 53/213/213 54/214/214 56/215/215 55/216/216
f 44/217/217 42/218/218 40/219/219 38/220/220 36/221/221 58/222/222 56/223/223 54/224/224 52/225/225 50/226/226 48/227/227 46/228/228
f 9/229/229 10/230/230 60/231/231 59/232/232
f 55/233/233 56/234/234 58/235/235 57/236/236
f 75/237/237 76/238/238 78/239/239 77/240/240
f 69/241/241 70/242/242 72/243/243 71/244/244
f 57/245/245 58/246/246 36/247/247 35/248/248
f 49/249/249 51/250/250 53/251/251 55/252/252 57/253/253 35/254/254 37/255/255 39/256/256 41/257/257 43/258/258 45/259/259 47/260/260
f 77/261/261 78/262/262 80/263/263 79/264/264
f 153/265/265 154/266/266 156/267/267 155/268/268
f 171/269/269 175/270/270 173/271/271 121/272/272
f 79/273/273 80/274/274 82/275/275 81/276/276
f 99/277/277 100/278/278 102/279/279 101/280/280
f 81/281/281 82/282/282 84/283/283 83/284/284
f 91/285/285 92/286/286 94/287/287 93/288/288
f 83/289/289 84/290/290 86/291/291 85/292/292
f 159/293/293 160/294/294 162/295/295 161/296/296
f 129/297/297 130/298/298 132/299/299 131/300/300
f 85/301/301 86/302/302 88/303/303 87/304/304
f 149/305/305 150/306/306 152/307/307 151/308/308
f 75/309/309 77/310/310 79/311/311 81/312/312 83/313/313 85/314/314 87/315/315 89/316/316 67/317/317 69/318/318 71/319/319 73/320/320
f 87/321/321 88/322/322 90/323/323 89/324/324
f 179/325/325 180/326/326 182/327/327 181/328/328
f 117/329/329 118/330/330 65/331/331 66/332/332
f 89/333/333 90/334/334 68/335/335 67/336/336
f 70/337/337 68/338/338 90/339/339 88/340/340 86/341/341 84/342/342 82/343/343 80/344/344 78/345/345 76/346/346 74/347/347 72/348/348
f 105/349/349 106/350/350 108/351/351 107/352/352
f 235/353/353 236/354/354 238/355/355 237/356/356
f 119/357/357 120/358/358 118/359/359 117/360/360
f 107/361/361 108/362/362 110/363/363 109/364/364
f 151/365/365 152/366/366 154/367/367 153/368/368
f 115/369/369 116/370/370 120/371/371 119/372/372
f 109/373/373 110/374/374 112/375/375 111/376/376
f 98/377/377 96/378/378 94/379/379 92/380/380 114/381/381 112/382/382 110/383/383 108/384/384 106/385/385 104/386/386 102/387/387 100/388/388
f 66/389/389 65/390/390 116/391/391 115/392/392
f 111/393/393 112/394/394 114/395/395 113/396/396
f 131/397/397 132/398/398 134/399/399 133/400/400
f 125/401/401 126/402/402 128/403/403 127/404/404
f 113/405/405 114/406/406 92/407/407 91/408/408
f 105/409/409 107/410/410 109/411/411 111/412/412 113/413/413 91/414/414 93/415/415 95/416/416 97/417/417 99/418/418 101/419/419 103/420/420
f 133/421/421 134/422/422 136/423/423 135/424/424
f 187/425/425 188/426/426 190/427/427 189/428/428
f 176/429/429 172/430/430 122/431/431 174/432/432
f 135/433/433 136/434/434 138/435/435 137/436/436
f 181/437/437 182/438/438 184/439/439 183/440/440
f 155/441/441 156/442/442 158/443/443 157/444/444
f 137/445/445 138/446/446 140/447/447 139/448/448
f 147/449/449 148/450/450 150/451/451 149/452/452
f 185/453/453 186/454/454 188/455/455 187/456/456
f 139/457/457 140/458/458 142/459/459 141/460/460
f 205/461/461 206/462/462 208/463/463 207/464/464
f 141/465/465 142/466/466 144/467/467 143/468/468
f 215/469/469 216/470/470 218/471/471 217/472/472
f 129/473/473 131/474/474 133/475/475 135/476/476 137/477/477 139/478/478 141/479/479 143/480/480 145/481/481 123/482/482 125/483/483 127/484/484
f 143/485/485 144/486/486 146/487/487 145/488/488
f 239/489/489 240/490/490 242/491/491 241/492/492
f 183/493/493 184/494/494 186/495/495 185/496/496
f 145/497/497 146/498/498 124/499/499 123/500/500
f 134/501/501 132/502/502 130/503/503 128/504/504 126/505/505 124/506/506 146/507/507 144/508/508 142/509/509 140/510/510 138/511/511 136/512/512
f 161/513/513 162/514/514 164/515/515 163/516/516
f 175/517/517 176/518/518 174/519/519 173/520/520
f 227/521/521 231/522/522 229/523/523 178/524/524
f 163/525/525 164/526/526 166/527/527 165/528/528
f 171/529/529 172/530/530 176/531/531 175/532/532
f 207/533/533 208/534/534 210/535/535 209/536/536
f 165/537/537 166/538/538 168/539/539 167/540/540
f 121/541/541 122/542/542 172/543/543 171/544/544
f 161/545/545 163/546/546 165/547/547 167/548/548 169/549/549 147/550/550 149/551/551 151/552/552 153/553/553 155/554/554 157/555/555 159/556/556
f 167/557/557 168/558/558 170/559/559 169/560/560
f 209/561/561 210/562/562 212/563/563 211/564/564
f 232/565/565 228/566/566 177/567/567 230/568/568
f 169/569/569 170/570/570 148/571/571 147/572/572
f 154/573/573 152/574/574 150/575/575 148/576/576 170/577/577 168/578/578 166/579/579 164/580/580 162/581/581 160/582/582 158/583/583 156/584/584
f 189/585/585 190/586/586 192/587/587 191/588/588
f 285/589/589 286/590/590 234/591/591 233/592/592
f 291/593/593 292/594/594 294/595/595 293/596/596
f 191/597/597 192/598/598 194/599/599 193/600/600
f 261/601/601 262/602/602 264/603/603 263/604/604
f 211/605/605 212/606/606 214/607/607 213/608/608
f 193/609/609 194/610/610 196/611/611 195/612/612
f 203/613/613 204/614/614 206/615/615 205/616/616
f 295/617/617 296/618/618 298/619/619 297/620/620
f 195/621/621 196/622/622 198/623/623 197/624/624
f 325/625/625 326/626/626 328/627/627 327/628/628
f 241/629/629 242/630/630 244/631/631 243/632/632
f 197/633/633 198/634/634 200/635/635 199/636/636
f 288/637/637 284/638/638 234/639/639 286/640/640
f 187/641/641 189/642/642 191/643/643 193/644/644 195/645/645 197/646/646 199/647/647 201/648/648 179/649/649 181/650/650 183/651/651 185/652/652
f 199/653/653 200/654/654 202/655/655 201/656/656
f 269/657/657 270/658/658 272/659/659 271/660/660
f 229/661/661 230/662/662 177/663/663 178/664/664
f 201/665/665 202/666/666 180/667/667 179/668/668
f 190/669/669 188/670/670 186/671/671 184/672/672 182/673/673 180/674/674 202/675/675 200/676/676 198/677/677 196/678/678 194/679/679 192/680/680
f 217/681/681 218/682/682 220/683/683 219/684/684
f 263/685/685 264/686/686 266/687/687 265/688/688
f 231/689/689 232/690/690 230/691/691 229/692/692
f 219/693/693 220/694/694 222/695/695 221/696/696
f 283/697/697 287/698/698 285/699/699 233/700/700
f 227/701/701 228/702/702 232/703/703 231/704/704
f 221/705/705 222/706/706 224/707/707 223/708/708
f 210/709/709 208/710/710 206/711/711 204/712/712 226/713/713 224/714/714 222/715/715 220/716/716 218/717/717 216/718/718 214/719/719 212/720/720
f 178/721/721 177/722/722 228/723/723 227/724/724
f 223/725/725 224/726/726 226/727/727 225/728/728
f 243/729/729 244/730/730 246/731/731 245/732/732
f 237/733/733 238/734/734 240/735/735 239/736/736
f 225/737/737 226/738/738 204/739/739 203/740/740
f 215/741/741 217/742/742 219/743/743 221/744/744 223/745/745 225/746/746 203/747/747 205/748/748 207/749/749 209/750/750 211/751/751 213/752/752
f 245/753/753 246/754/754 248/755/755 247/756/756
f 347/757/757 348/758/758 350/759/759 349/760/760
f 341/761/761 342/762/762 290/763/763 289/764/764
f 247/765/765 248/766/766 250/767/767 249/768/768
f 267/769/769 268/770/770 270/771/771 269/772/772
f 317/773/773 318/774/774 320/775/775 319/776/776
f 249/777/777 250/778/778 252/779/779 251/780/780
f 351/781/781 352/782/782 354/783/783 353/784/784
f 259/785/785 260/786/786 262/787/787 261/788/788
f 251/789/789 252/790/790 254/791/791 253/792/792
f 297/793/793 298/794/794 300/795/795 299/796/796
f 381/797/797 382/798/798 384/799/799 383/800/800
f 253/801/801 254/802/802 256/803/803 255/804/804
f 246/805/805 244/806/806 242/807/807 240/808/808 238/809/809 236/810/810 258/811/811 256/812/812 254/813/813 252/814/814 250/815/815 248/816/816
f 344/817/817 340/818/818 290/819/819 342/820/820
f 255/821/821 256/822/822 258/823/823 257/824/824
f 271/825/825 272/826/826 274/827/827 273/828/828
f 265/829/829 266/830/830 268/831/831 267/832/832
f 257/833/833 258/834/834 236/835/835 235/836/836
f 241/837/837 243/838/838 245/839/839 247/840/840 249/841/841 251/842/842 253/843/843 255/844/844 257/845/845 235/846/846 237/847/847 239/848/848
f 273/849/849 274/850/850 276/851/851 275/852/852
f 319/853/853 320/854/854 322/855/855 321/856/856
f 287/857/857 288/858/858 286/859/859 285/860/860
f 275/861/861 276/862/862 278/863/863 277/864/864
f 339/865/865 343/866/866 341/867/867 289/868/868
f 283/869/869 284/870/870 288/871/871 287/872/872
f 277/873/873 278/874/874 280/875/875 279/876/876
f 268/877/877 266/878/878 264/879/879 262/880/880 260/881/881 282/882/882 280/883/883 278/884/884 276/885/885 274/886/886 272/887/887 270/888/888
f 233/889/889 234/890/890 284/891/891 283/892/892
f 279/893/893 280/894/894 282/895/895 281/896/896
f 299/897/897 300/898/898 302/899/899 301/900/900
f 293/901/901 294/902/902 296/903/903 295/904/904
f 281/905/905 282/906/906 260/907/907 259/908/908
f 271/909/909 273/910/910 275/911/911 277/912/912 279/913/913 281/914/914 259/915/915 261/916/916 263/917/917 265/918/918 267/919/919 269/920/920
f 301/921/921 302/922/922 304/923/923 303/924/924
f 403/925/925 404/926/926 406/927/927 405/928/928
f 397/929/929 398/930/930 346/931/931 345/932/932
f 303/933/933 304/934/934 306/935/935 305/936/936
f 323/937/937 324/938/938 326/939/939 325/940/940
f 373/941/941 374/942/942 376/943/943 375/944/944
f 305/945/945 306/946/946 308/947/947 307/948/948
f 407/949/949 408/950/950 410/951/951 409/952/952
f 315/953/953 316/954/954 318/955/955 317/956/956
f 307/957/957 308/958/958 310/959/959 309/960/960
f 353/961/961 354/962/962 356/963/963 355/964/964
f 437/965/965 438/966/966 440/967/967 439/968/968
f 309/969/969 310/970/970 312/971/971 311/972/972
f 302/973/973 300/974/974 298/975/975 296/976/976 294/977/977 292/978/978 314/979/979 312/980/980 310/981/981 308/982/982 306/983/983 304/984/984
f 400/985/985 396/986/986 346/987/987 398/988/988
f 311/989/989 312/990/990 314/991/991 313/992/992
f 327/993/993 328/994/994 330/995/995 329/996/996
f 321/997/997 322/998/998 324/999/999 323/1000/1000
f 313/1001/1001 314/1002/1002 292/1003/1003 291/1004/1004
f 297/1005/1005 299/1006/1006 301/1007/1007 303/1008/1008 305/1009/1009 307/1010/1010 309/1011/1011 311/1012/1012 313/1013/1013 291/1014/1014 293/1015/1015 295/1016/1016
f 329/1017/1017 330/1018/1018 332/1019/1019 331/1020/1020
f 375/1021/1021 376/1022/1022 378/1023/1023 377/1024/1024
f 343/1025/1025 344/1026/1026 342/1027/1027 341/1028/1028
f 331/1029/1029 332/1030/1030 334/1031/1031 333/1032/1032
f 395/1033/1033 399/1034/1034 397/1035/1035 345/1036/1036
f 339/1037/1037 340/1038/1038 344/1039/1039 343/1040/1040
f 333/1041/1041 334/1042/1042 336/1043/1043 335/1044/1044
f 324/1045/1045 322/1046/1046 320/1047/1047 318/1048/1048 316/1049/1049 338/1050/1050 336/1051/1051 334/1052/1052 332/1053/1053 330/1054/1054 328/1055/1055 326/1056/1056
f 289/1057/1057 290/1058/1058 340/1059/1059 339/1060/1060
f 335/1061/1061 336/1062/1062 338/1063/1063 337/1064/1064
f 355/1065/1065 356/1066/1066 358/1067/1067 357/1068/1068
f 349/1069/1069 350/1070/1070 352/1071/1071 351/1072/1072
f 337/1073/1073 338/1074/1074 316/1075/1075 315/1076/1076
f 327/1077/1077 329/1078/1078 331/1079/1079 333/1080/1080 335/1081/1081 337/1082/1082 315/1083/1083 317/1084/1084 319/1085/1085 321/1086/1086 323/1087/1087 325/1088/1088
f 357/1089/1089 358/1090/1090 360/1091/1091 359/1092/1092
f 459/1093/1093 460/1094/1094 462/1095/1095 461/1096/1096
f 453/1097/1097 454/1098/1098 402/1099/1099 401/1100/1100
f 359/1101/1101 360/1102/1102 362/1103/1103 361/1104/1104
f 379/1105/1105 380/1106/1106 382/1107/1107 381/1108/1108
f 429/1109/1109 430/1110/1110 432/1111/1111 431/1112/1112
f 361/1113/1113 362/1114/1114 364/1115/1115 363/1116/1116
f 463/1117/1117 464/1118/1118 466/1119/1119 465/1120/1120
f 371/1121/1121 372/1122/1122 374/1123/1123 373/1124/1124
f 363/1125/1125 364/1126/1126 366/1127/1127 365/1128/1128
f 409/1129/1129 410/1130/1130 412/1131/1131 411/1132/1132
f 493/1133/1133 494/1134/1134 496/1135/1135 495/1136/1136
f 365/1137/1137 366/1138/1138 368/1139/1139 367/1140/1140
f 358/1141/1141 356/1142/1142 354/1143/1143 352/1144/1144 350/1145/1145 348/1146/1146 370/1147/1147 368/1148/1148 366/1149/1149 364/1150/1150 362/1151/1151 360/1152/1152
f 456/1153/1153 452/1154/1154 402/1155/1155 454/1156/1156
f 367/1157/1157 368/1158/1158 370/1159/1159 369/1160/1160
f 383/1161/1161 384/1162/1162 386/1163/1163 385/1164/1164
f 377/1165/1165 378/1166/1166 380/1167/1167 379/1168/1168
f 369/1169/1169 370/1170/1170 348/1171/1171 347/1172/1172
f 353/1173/1173 355/1174/1174 357/1175/1175 359/1176/1176 361/1177/1177 363/1178/1178 365/1179/1179 367/1180/1180 369/1181/1181 347/1182/1182 349/1183/1183 351/1184/1184
f 385/1185/1185 386/1186/1186 388/1187/1187 387/1188/1188
f 431/1189/1189 432/1190/1190 434/1191/1191 433/1192/1192
f 399/1193/1193 400/1194/1194 398/1195/1195 397/1196/1196
f 387/1197/1197 388/1198/1198 390/1199/1199 389/1200/1200
f 451/1201/1201 455/1202/1202 453/1203/1203 401/1204/1204
f 395/1205/1205 396/1206/1206 400/1207/1207 399/1208/1208
f 389/1209/1209 390/1210/1210 392/1211/1211 391/1212/1212
f 380/1213/1213 378/1214/1214 376/1215/1215 374/1216/1216 372/1217/1217 394/1218/1218 392/1219/1219 390/1220/1220 388/1221/1221 386/1222/1222 384/1223/1223 382/1224/1224
f 345/1225/1225 346/1226/1226 396/1227/1227 395/1228/1228
f 391/1229/1229 392/1230/1230 394/1231/1231 393/1232/1232
f 411/1233/1233 412/1234/1234 414/1235/1235 413/1236/1236
f 405/1237/1237 406/1238/1238 408/1239/1239 407/1240/1240
f 393/1241/1241 394/1242/1242 372/1243/1243 371/1244/1244
f 383/1245/1245 385/1246/1246 387/1247/1247 389/1248/1248 391/1249/1249 393/1250/1250 371/1251/1251 373/1252/1252 375/1253/1253 377/1254/1254 379/1255/1255 381/1256/1256
f 413/1257/1257 414/1258/1258 416/1259/1259 415/1260/1260
f 513/1261/1261 514/1262/1262 516/1263/1263 515/1264/1264
f 509/1265/1265 510/1266/1266 458/1267/1267 457/1268/1268
f 415/1269/1269 416/1270/1270 418/1271/1271 417/1272/1272
f 435/1273/1273 436/1274/1274 438/1275/1275 437/1276/1276
f 485/1277/1277 486/1278/1278 488/1279/1279 487/1280/1280
f 417/1281/1281 418/1282/1282 420/1283/1283 419/1284/1284
f 517/1285/1285 518/1286/1286 520/1287/1287 519/1288/1288
f 427/1289/1289 428/1290/1290 430/1291/1291 429/1292/1292
f 419/1293/1293 420/1294/1294 422/1295/1295 421/1296/1296
f 465/1297/1297 466/1298/1298 468/1299/1299 467/1300/1300
f 547/1301/1301 548/1302/1302 550/1303/1303 549/1304/1304
f 421/1305/1305 422/1306/1306 424/1307/1307 423/1308/1308
f 414/1309/1309 412/1310/1310 410/1311/1311 408/1312/1312 406/1313/1313 404/1314/1314 426/1315/1315 424/1316/1316 422/1317/1317 420/1318/1318 418/1319/1319 416/1320/1320
f 512/1321/1321 508/1322/1322 458/1323/1323 510/1324/1324
f 423/1325/1325 424/1326/1326 426/1327/1327 425/1328/1328
f 439/1329/1329 440/1330/1330 442/1331/1331 441/1332/1332
f 433/1333/1333 434/1334/1334 436/1335/1335 435/1336/1336
f 425/1337/1337 426/1338/1338 404/1339/1339 403/1340/1340
f 409/1341/1341 411/1342/1342 413/1343/1343 415/1344/1344 417/1345/1345 419/1346/1346 421/1347/1347 423/1348/1348 425/1349/1349 403/1350/1350 405/1351/1351 407/1352/1352
f 441/1353/1353 442/1354/1354 444/1355/1355 443/1356/1356
f 487/1357/1357 488/1358/1358 490/1359/1359 489/1360/1360
f 455/1361/1361 456/1362/1362 454/1363/1363 453/1364/1364
f 443/1365/1365 444/1366/1366 446/1367/1367 445/1368/1368
f 507/1369/1369 511/1370/1370 509/1371/1371 457/1372/1372
f 451/1373/1373 452/1374/1374 456/1375/1375 455/1376/1376
f 445/1377/1377 446/1378/1378 448/1379/1379 447/1380/1380
f 436/1381/1381 434/1382/1382 432/1383/1383 430/1384/1384 428/1385/1385 450/1386/1386 448/1387/1387 446/1388/1388 444/1389/1389 442/1390/1390 440/1391/1391 438/1392/1392
f 401/1393/1393 402/1394/1394 452/1395/1395 451/1396/1396
f 447/1397/1397 448/1398/1398 450/1399/1399 449/1400/1400
f 467/1401/1401 468/1402/1402 470/1403/1403 469/1404/1404
f 461/1405/1405 462/1406/1406 464/1407/1407 463/1408/1408
f 449/1409/1409 450/1410/1410 428/1411/1411 427/1412/1412
f 439/1413/1413 441/1414/1414 443/1415/1415 445/1416/1416 447/1417/1417 449/1418/1418 427/1419/1419 429/1420/1420 431/1421/1421 433/1422/1422 435/1423/1423 437/1424/1424
f 469/1425/1425 470/1426/1426 472/1427/1427 471/1428/1428
f 471/1429/1429 472/1430/1430 474/1431/1431 473/1432/1432
f 491/1433/1433 492/1434/1434 494/1435/1435 493/1436/1436
f 539/1437/1437 540/1438/1438 542/1439/1439 541/1440/1440
f 473/1441/1441 474/1442/1442 476/1443/1443 475/1444/1444
f 483/1445/1445 484/1446/1446 486/1447/1447 485/1448/1448
f 475/1449/1449 476/1450/1450 478/1451/1451 477/1452/1452
f 519/1453/1453 520/1454/1454 522/1455/1455 521/1456/1456
f 477/1457/1457 478/1458/1458 480/1459/1459 479/1460/1460
f 470/1461/1461 468/1462/1462 466/1463/1463 464/1464/1464 462/1465/1465 460/1466/1466 482/1467/1467 480/1468/1468 478/1469/1469 476/1470/1470 474/1471/1471 472/1472/1472
f 479/1473/1473 480/1474/1474 482/1475/1475 481/1476/1476
f 495/1477/1477 496/1478/1478 498/1479/1479 497/1480/1480
f 489/1481/1481 490/1482/1482 492/1483/1483 491/1484/1484
f 481/1485/1485 482/1486/1486 460/1487/1487 459/1488/1488
f 465/1489/1489 467/1490/1490 469/1491/1491 471/1492/1492 473/1493/1493 475/1494/1494 477/1495/1495 479/1496/1496 481/1497/1497 459/1498/1498 461/1499/1499 463/1500/1500
f 497/1501/1501 498/1502/1502 500/1503/1503 499/1504/1504
f 541/1505/1505 542/1506/1506 544/1507/1507 543/1508/1508
f 511/1509/1509 512/1510/1510 510/1511/1511 509/1512/1512
f 499/1513/1513 500/1514/1514 502/1515/1515 501/1516/1516
f 507/1517/1517 508/1518/1518 512/1519/1519 511/1520/1520
f 501/1521/1521 502/1522/1522 504/1523/1523 503/1524/1524
f 492/1525/1525 490/1526/1526 488/1527/1527 486/1528/1528 484/1529/1529 506/1530/1530 504/1531/1531 502/1532/1532 500/1533/1533 498/1534/1534 496/1535/1535 494/1536/1536
f 457/1537/1537 458/1538/1538 508/1539/1539 507/1540/1540
f 503/1541/1541 504/1542/1542 506/1543/1543 505/1544/1544
f 521/1545/1545 522/1546/1546 524/1547/1547 523/1548/1548
f 515/1549/1549 516/1550/1550 518/1551/1551 517/1552/1552
f 505/1553/1553 506/1554/1554 484/1555/1555 483/1556/1556
f 495/1557/1557 497/1558/1558 499/1559/1559 501/1560/1560 503/1561/1561 505/1562/1562 483/1563/1563 485/1564/1564 487/1565/1565 489/1566/1566 491/1567/1567 493/1568/1568
f 523/1569/1569 524/1570/1570 526/1571/1571 525/1572/1572
f 525/1573/1573 526/1574/1574 528/1575/1575 527/1576/1576
f 545/1577/1577 546/1578/1578 548/1579/1579 547/1580/1580
f 527/1581/1581 528/1582/1582 530/1583/1583 529/1584/1584
f 537/1585/1585 538/1586/1586 540/1587/1587 539/1588/1588
f 529/1589/1589 530/1590/1590 532/1591/1591 531/1592/1592
f 531/1593/1593 532/1594/1594 534/1595/1595 533/1596/1596
f 524/1597/1597 522/1598/1598 520/1599/1599 518/1600/1600 516/1601/1601 514/1602/1602 536/1603/1603 534/1604/1604 532/1605/1605 530/1606/1606 528/1607/1607 526/1608/1608
f 533/1609/1609 534/1610/1610 536/1611/1611 535/1612/1612
f 549/1613/1613 550/1614/1614 552/1615/1615 551/1616/1616
f 543/1617/1617 544/1618/1618 546/1619/1619 545/1620/1620
f 535/1621/1621 536/1622/1622 514/1623/1623 513/1624/1624
f 519/1625/1625 521/1626/1626 523/1627/1627 525/1628/1628 527/1629/1629 529/1630/1630 531/1631/1631 533/1632/1632 535/1633/1633 513/1634/1634 515/1635/1635 517/1636/1636
f 551/1637/1637 552/1638/1638 554/1639/1639 553/1640/1640
f 553/1641/1641 554/1642/1642 556/1643/1643 555/1644/1644
f 555/1645/1645 556/1646/1646 558/1647/1647 557/1648/1648
f 546/1649/1649 544/1650/1650 542/1651/1651 540/1652/1652 538/1653/1653 560/1654/1654 558/1655/1655 556/1656/1656 554/1657/1657 552/1658/1658 550/1659/1659 548/1660/1660
f 557/1661/1661 558/1662/1662 560/1663/1663 559/1664/1664
f 559/1665/1665 560/1666/1666 538/1667/1667 537/1668/1668
f 549/1669/1669 551/1670/1670 553/1671/1671 555/1672/1672 557/1673/1673 559/1674/1674 537/1675/1675 539/1676/1676 541/1677/1677 543/1678/1678 545/1679/1679 547/1680/1680
